date,reg_name,excess_mort,excess_mort_p
2021-01-01,Hижегородская область,1480.2,0.3376522652
2021-02-01,Hижегородская область,675,0.1727668288
2021-03-01,Hижегородская область,896.2,0.2146175583
2020-04-01,Hижегородская область,-213.4,-0.05151602935
2020-05-01,Hижегородская область,-40.2,-0.009438392186
2020-06-01,Hижегородская область,608.6,0.1525925183
2020-07-01,Hижегородская область,674,0.1726434426
2020-08-01,Hижегородская область,139,0.03535096643
2020-09-01,Hижегородская область,428.6,0.1111687503
2020-10-01,Hижегородская область,1026.4,0.2474087644
2020-11-01,Hижегородская область,1871.6,0.4873450682
2020-12-01,Hижегородская область,2404.8,0.5995213402
2021-01-01,Алтайский край,779.2,0.2563326535
2021-02-01,Алтайский край,402.6,0.153114779
2021-03-01,Алтайский край,466.8,0.1653442902
2020-04-01,Алтайский край,-139,-0.05039883974
2020-05-01,Алтайский край,-278.6,-0.09594985535
2020-06-01,Алтайский край,-214.4,-0.07708348314
2020-07-01,Алтайский край,246,0.09138187221
2020-08-01,Алтайский край,-79.6,-0.0294313392
2020-09-01,Алтайский край,475.8,0.1870871343
2020-10-01,Алтайский край,1877,0.6800724638
2020-11-01,Алтайский край,2078.8,0.7779357832
2020-12-01,Алтайский край,1546.8,0.588539685
2021-01-01,Амурская область,362.8,0.3630904724
2021-02-01,Амурская область,111.8,0.1243327402
2021-03-01,Амурская область,159,0.1635802469
2020-04-01,Амурская область,28.2,0.03176391079
2020-05-01,Амурская область,-66.4,-0.07190816548
2020-06-01,Амурская область,19.8,0.02219233356
2020-07-01,Амурская область,157.6,0.1760107215
2020-08-01,Амурская область,58.2,0.06905552919
2020-09-01,Амурская область,154.2,0.1840534734
2020-10-01,Амурская область,245.6,0.263972485
2020-11-01,Амурская область,578.6,0.6639889832
2020-12-01,Амурская область,742.8,0.8063395571
2021-01-01,Архангельская область,499.6,0.3449323391
2021-02-01,Архангельская область,344.8,0.2877649808
2021-03-01,Архангельская область,352.4,0.2584335582
2020-04-01,Архангельская область,-81,-0.06454183267
2020-05-01,Архангельская область,23.8,0.01813747904
2020-06-01,Архангельская область,68.2,0.05478791774
2020-07-01,Архангельская область,108.8,0.08654152084
2020-08-01,Архангельская область,-93.8,-0.07475294868
2020-09-01,Архангельская область,253.4,0.2077730403
2020-10-01,Архангельская область,160.6,0.1280293367
2020-11-01,Архангельская область,355,0.2968227425
2020-12-01,Архангельская область,820.4,0.6737844941
2021-01-01,Астраханская область,193.4,0.174297044
2021-02-01,Астраханская область,128.4,0.1378273937
2021-03-01,Астраханская область,190.2,0.1816965992
2020-04-01,Астраханская область,43.2,0.04219574136
2020-05-01,Астраханская область,-91.2,-0.08913213448
2020-06-01,Астраханская область,-15.4,-0.0157883945
2020-07-01,Астраханская область,281.4,0.2759905845
2020-08-01,Астраханская область,98.8,0.1024683676
2020-09-01,Астраханская область,240.2,0.2742635305
2020-10-01,Астраханская область,363,0.38170347
2020-11-01,Астраханская область,413,0.4379639449
2020-12-01,Астраханская область,493,0.5
2021-01-01,Белгородская область,422.2,0.2151008763
2021-02-01,Белгородская область,292.2,0.1774350255
2021-03-01,Белгородская область,390.6,0.2116614284
2020-04-01,Белгородская область,-50.6,-0.0287402022
2020-05-01,Белгородская область,196.8,0.1068287917
2020-06-01,Белгородская область,-86.8,-0.04946432642
2020-07-01,Белгородская область,157,0.09022988506
2020-08-01,Белгородская область,-11,-0.006428988895
2020-09-01,Белгородская область,310,0.1960784314
2020-10-01,Белгородская область,931,0.5431738623
2020-11-01,Белгородская область,1020.2,0.5998353716
2020-12-01,Белгородская область,835.6,0.4857009998
2021-01-01,Брянская область,432.2,0.2462958742
2021-02-01,Брянская область,352.6,0.237537052
2021-03-01,Брянская область,324.8,0.2039944731
2020-04-01,Брянская область,-24.6,-0.01565283787
2020-05-01,Брянская область,139,0.08363417569
2020-06-01,Брянская область,129.6,0.08719052745
2020-07-01,Брянская область,151.2,0.1005452853
2020-08-01,Брянская область,-101.6,-0.06857451404
2020-09-01,Брянская область,141.4,0.1023451071
2020-10-01,Брянская область,224.6,0.1452405587
2020-11-01,Брянская область,474.8,0.3160697643
2020-12-01,Брянская область,743.8,0.4873542131
2021-01-01,Владимирская область,490.8,0.2409189083
2021-02-01,Владимирская область,255.6,0.1495261495
2021-03-01,Владимирская область,241.8,0.1315417256
2020-04-01,Владимирская область,-68,-0.03628601921
2020-05-01,Владимирская область,108.8,0.05636721583
2020-06-01,Владимирская область,389.2,0.2118902439
2020-07-01,Владимирская область,161.8,0.08923450254
2020-08-01,Владимирская область,56.2,0.03101887626
2020-09-01,Владимирская область,111,0.06278280543
2020-10-01,Владимирская область,302,0.1624529317
2020-11-01,Владимирская область,792.2,0.4542952173
2020-12-01,Владимирская область,937,0.507034632
2021-01-01,Волгоградская область,769.2,0.2506517205
2021-02-01,Волгоградская область,486.4,0.1815873964
2021-03-01,Волгоградская область,368.6,0.1273493643
2020-04-01,Волгоградская область,-1,-0.0003579098067
2020-05-01,Волгоградская область,157,0.05300472654
2020-06-01,Волгоградская область,-87,-0.03063380282
2020-07-01,Волгоградская область,713.2,0.25
2020-08-01,Волгоградская область,39,0.0140591204
2020-09-01,Волгоградская область,737.2,0.2969228291
2020-10-01,Волгоградская область,1394.4,0.5080521752
2020-11-01,Волгоградская область,1423.8,0.5247678019
2020-12-01,Волгоградская область,1536.8,0.5478397262
2021-01-01,Вологодская область,417.6,0.2632375189
2021-02-01,Вологодская область,178.8,0.1307782329
2021-03-01,Вологодская область,163.6,0.1131866611
2020-04-01,Вологодская область,-59.8,-0.04205936137
2020-05-01,Вологодская область,-189.6,-0.1294551413
2020-06-01,Вологодская область,69.2,0.0489461027
2020-07-01,Вологодская область,1,0.0007183908046
2020-08-01,Вологодская область,-8,-0.005641748942
2020-09-01,Вологодская область,85.8,0.0634991119
2020-10-01,Вологодская область,80.4,0.05699702254
2020-11-01,Вологодская область,473.8,0.352739726
2020-12-01,Вологодская область,776.4,0.5587219344
2021-01-01,Воронежская область,636,0.2007575758
2021-02-01,Воронежская область,374.2,0.1365294804
2021-03-01,Воронежская область,618,0.2047035442
2020-04-01,Воронежская область,-79,-0.02759343346
2020-05-01,Воронежская область,-291.4,-0.09820044483
2020-06-01,Воронежская область,313.4,0.1103288038
2020-07-01,Воронежская область,185.6,0.06459246885
2020-08-01,Воронежская область,-52,-0.01914580265
2020-09-01,Воронежская область,471.2,0.1825083275
2020-10-01,Воронежская область,1144,0.3963963964
2020-11-01,Воронежская область,1342.6,0.4964502293
2020-12-01,Воронежская область,1417.2,0.4893984391
2021-01-01,Еврейская автономная область,24,0.1111111111
2021-02-01,Еврейская автономная область,-2.6,-0.01423877327
2021-03-01,Еврейская автономная область,-24.2,-0.1114180479
2020-04-01,Еврейская автономная область,-5.8,-0.03104925054
2020-05-01,Еврейская автономная область,13.8,0.06997971602
2020-06-01,Еврейская автономная область,-31.6,-0.1693461951
2020-07-01,Еврейская автономная область,16.2,0.08402489627
2020-08-01,Еврейская автономная область,-0.6,-0.003250270856
2020-09-01,Еврейская автономная область,5.8,0.03407755582
2020-10-01,Еврейская автономная область,71.6,0.3702171665
2020-11-01,Еврейская автономная область,77.8,0.411205074
2020-12-01,Еврейская автономная область,99.4,0.5005035247
2021-01-01,Забайкальский край,277.2,0.2323943662
2021-02-01,Забайкальский край,173.6,0.1651131824
2021-03-01,Забайкальский край,211.8,0.1751571287
2020-04-01,Забайкальский край,-83.6,-0.07413976587
2020-05-01,Забайкальский край,-166,-0.1465136805
2020-06-01,Забайкальский край,77.2,0.07236595426
2020-07-01,Забайкальский край,99,0.0904109589
2020-08-01,Забайкальский край,54.2,0.0513354802
2020-09-01,Забайкальский край,154.4,0.1569743798
2020-10-01,Забайкальский край,2.6,0.002328914368
2020-11-01,Забайкальский край,534.2,0.5045334341
2020-12-01,Забайкальский край,460.2,0.4184397163
2021-01-01,Ивановская область,258.8,0.173667964
2021-02-01,Ивановская область,141.8,0.1098203222
2021-03-01,Ивановская область,157,0.1136034732
2020-04-01,Ивановская область,-75,-0.05434782609
2020-05-01,Ивановская область,-48.4,-0.03426791277
2020-06-01,Ивановская область,84.6,0.06566283763
2020-07-01,Ивановская область,79.2,0.0597826087
2020-08-01,Ивановская область,-70.6,-0.0547032388
2020-09-01,Ивановская область,146.2,0.1178272083
2020-10-01,Ивановская область,289.4,0.2082613702
2020-11-01,Ивановская область,509,0.3912375096
2020-12-01,Ивановская область,621.8,0.4514957886
2021-01-01,Иркутская область,650.6,0.230840193
2021-02-01,Иркутская область,237.8,0.09705330177
2021-03-01,Иркутская область,317,0.1138240575
2020-04-01,Иркутская область,-51.8,-0.01901056958
2020-05-01,Иркутская область,-105.8,-0.0390867445
2020-06-01,Иркутская область,84.8,0.03291669901
2020-07-01,Иркутская область,418.8,0.1606937303
2020-08-01,Иркутская область,24.4,0.009382450204
2020-09-01,Иркутская область,246.8,0.09662516639
2020-10-01,Иркутская область,767.6,0.2973580228
2020-11-01,Иркутская область,1606.8,0.6406187704
2020-12-01,Иркутская область,1155.2,0.4224074887
2021-01-01,Кабардино-Балкарская Республика,238.4,0.3467132054
2021-02-01,Кабардино-Балкарская Республика,141,0.2165898618
2021-03-01,Кабардино-Балкарская Республика,202.6,0.3124614436
2020-04-01,Кабардино-Балкарская Республика,39.4,0.06150483921
2020-05-01,Кабардино-Балкарская Республика,142.6,0.2403100775
2020-06-01,Кабардино-Балкарская Республика,-37.4,-0.06782734857
2020-07-01,Кабардино-Балкарская Республика,206.4,0.3341968912
2020-08-01,Кабардино-Балкарская Республика,80.4,0.1444484369
2020-09-01,Кабардино-Балкарская Республика,69,0.134502924
2020-10-01,Кабардино-Балкарская Республика,212.2,0.3561597852
2020-11-01,Кабардино-Балкарская Республика,271.2,0.4368556701
2020-12-01,Кабардино-Балкарская Республика,443.8,0.7494089835
2021-01-01,Калининградская область,461.2,0.4039236294
2021-02-01,Калининградская область,196.4,0.1951122591
2021-03-01,Калининградская область,258.4,0.2450218092
2020-04-01,Калининградская область,40.2,0.03969194313
2020-05-01,Калининградская область,5.8,0.005538579068
2020-06-01,Калининградская область,62.6,0.06398201145
2020-07-01,Калининградская область,42,0.04352331606
2020-08-01,Калининградская область,-97.6,-0.09648082246
2020-09-01,Калининградская область,140.6,0.1517702936
2020-10-01,Калининградская область,41,0.03934740883
2020-11-01,Калининградская область,322.6,0.3253984265
2020-12-01,Калининградская область,757.4,0.7202358311
2021-01-01,Калужская область,395.6,0.2920850561
2021-02-01,Калужская область,227.4,0.1914786123
2021-03-01,Калужская область,214.2,0.1653032875
2020-04-01,Калужская область,-82.2,-0.06491865424
2020-05-01,Калужская область,222.4,0.1729931549
2020-06-01,Калужская область,283.6,0.228820397
2020-07-01,Калужская область,99.6,0.08201581028
2020-08-01,Калужская область,30.4,0.0249466601
2020-09-01,Калужская область,125.4,0.1043608522
2020-10-01,Калужская область,346,0.2720125786
2020-11-01,Калужская область,647,0.552991453
2020-12-01,Калужская область,766,0.6123101519
2021-01-01,Камчатский край,172.6,0.519253911
2021-02-01,Камчатский край,39,0.1397849462
2021-03-01,Камчатский край,64.6,0.2108355091
2020-04-01,Камчатский край,-24.8,-0.08528198074
2020-05-01,Камчатский край,-36.2,-0.120185923
2020-06-01,Камчатский край,111.8,0.3906359189
2020-07-01,Камчатский край,85,0.3035714286
2020-08-01,Камчатский край,-18.4,-0.06228842248
2020-09-01,Камчатский край,31.2,0.1087866109
2020-10-01,Камчатский край,37,0.1197411003
2020-11-01,Камчатский край,54.6,0.1975397974
2020-12-01,Камчатский край,194.4,0.6576454668
2021-01-01,Карачаево-Черкесская Республика,197,0.5103626943
2021-02-01,Карачаево-Черкесская Республика,118,0.3286908078
2021-03-01,Карачаево-Черкесская Республика,32.6,0.08592514497
2020-04-01,Карачаево-Черкесская Республика,32.4,0.08813928183
2020-05-01,Карачаево-Черкесская Республика,3.6,0.01024473534
2020-06-01,Карачаево-Черкесская Республика,-53.4,-0.1592128801
2020-07-01,Карачаево-Черкесская Республика,254.2,0.7084726867
2020-08-01,Карачаево-Черкесская Республика,53.6,0.1637141112
2020-09-01,Карачаево-Черкесская Республика,39,0.115727003
2020-10-01,Карачаево-Черкесская Республика,20.2,0.05807935595
2020-11-01,Карачаево-Черкесская Республика,102.8,0.2776877364
2020-12-01,Карачаево-Черкесская Республика,234.4,0.6191230851
2021-01-01,Кемеровская область,389,0.108356546
2021-02-01,Кемеровская область,45.8,0.01460831845
2021-03-01,Кемеровская область,189.8,0.05583666745
2020-04-01,Кемеровская область,-147.6,-0.0461885092
2020-05-01,Кемеровская область,-327.6,-0.09821321501
2020-06-01,Кемеровская область,-51.4,-0.0162124653
2020-07-01,Кемеровская область,342.2,0.1107873608
2020-08-01,Кемеровская область,-137.8,-0.04448318161
2020-09-01,Кемеровская область,569.8,0.1868074225
2020-10-01,Кемеровская область,1834.8,0.5852258229
2020-11-01,Кемеровская область,1815.6,0.5971582686
2020-12-01,Кемеровская область,996.8,0.313144006
2021-01-01,Кировская область,659.2,0.3780250029
2021-02-01,Кировская область,312.8,0.2033545703
2021-03-01,Кировская область,472.6,0.2925591185
2020-04-01,Кировская область,-77,-0.04907584449
2020-05-01,Кировская область,-11.8,-0.007083683515
2020-06-01,Кировская область,-196.8,-0.123556002
2020-07-01,Кировская область,144.8,0.09581789307
2020-08-01,Кировская область,0.8,0.0005350454789
2020-09-01,Кировская область,194.6,0.1268248175
2020-10-01,Кировская область,510.2,0.3258398263
2020-11-01,Кировская область,929,0.6319727891
2020-12-01,Кировская область,970,0.6335728282
2021-01-01,Костромская область,207.6,0.228282384
2021-02-01,Костромская область,87.8,0.1138485477
2021-03-01,Костромская область,172,0.2136645963
2020-04-01,Костромская область,43.4,0.05354058722
2020-05-01,Костромская область,-60.2,-0.07216494845
2020-06-01,Костромская область,11.2,0.0141271443
2020-07-01,Костромская область,-7,-0.00895140665
2020-08-01,Костромская область,-15.2,-0.01953225392
2020-09-01,Костромская область,101,0.1316818774
2020-10-01,Костромская область,219.4,0.264783973
2020-11-01,Костромская область,345.2,0.4443872297
2020-12-01,Костромская область,309.6,0.3792258697
2021-01-01,Краснодарский край,3011.4,0.452733177
2021-02-01,Краснодарский край,1098.6,0.1949116457
2020-04-01,Краснодарский край,-154,-0.02661596958
2020-05-01,Краснодарский край,1072.2,0.1807850543
2020-06-01,Краснодарский край,-1070.6,-0.191192228
2020-07-01,Краснодарский край,1230.4,0.2158747982
2020-08-01,Краснодарский край,393.8,0.06835381518
2020-09-01,Краснодарский край,1601.2,0.2990214387
2020-10-01,Краснодарский край,1486.4,0.2573585428
2020-11-01,Краснодарский край,1689,0.2946615492
2020-12-01,Краснодарский край,4544.2,0.7547501993
2021-01-01,Красноярский край,717.6,0.2191546543
2021-02-01,Красноярский край,298.4,0.1029107463
2021-03-01,Красноярский край,547.4,0.1749105317
2020-04-01,Красноярский край,-180.2,-0.06128834773
2020-05-01,Красноярский край,270.6,0.08727906077
2020-06-01,Красноярский край,-416.8,-0.1433386065
2020-07-01,Красноярский край,661.8,0.2258548905
2020-08-01,Красноярский край,306,0.1056629834
2020-09-01,Красноярский край,239.2,0.08384744812
2020-10-01,Красноярский край,531.4,0.1800989629
2020-11-01,Красноярский край,1849.8,0.6663064621
2020-12-01,Красноярский край,2040,0.7093184979
2021-01-01,Курганская область,244.8,0.1994784876
2021-02-01,Курганская область,143.8,0.1358911359
2021-03-01,Курганская область,210,0.1873327386
2020-04-01,Курганская область,-62.6,-0.05662083936
2020-05-01,Курганская область,-252,-0.2164948454
2020-06-01,Курганская область,-71.4,-0.06512221817
2020-07-01,Курганская область,342.6,0.3252325802
2020-08-01,Курганская область,29,0.02741020794
2020-09-01,Курганская область,18,0.01747572816
2020-10-01,Курганская область,400.6,0.3630596339
2020-11-01,Курганская область,588.4,0.5676249276
2020-12-01,Курганская область,441.4,0.4197413465
2021-01-01,Курская область,459.8,0.292828939
2021-02-01,Курская область,625.6,0.4448236633
2021-03-01,Курская область,439.6,0.2829921463
2020-04-01,Курская область,-75.8,-0.05132719393
2020-05-01,Курская область,52.6,0.03480217017
2020-06-01,Курская область,332.8,0.2304389974
2020-07-01,Курская область,165,0.1166902405
2020-08-01,Курская область,-116.8,-0.08434430965
2020-09-01,Курская область,34.4,0.02616765556
2020-10-01,Курская область,273,0.185840708
2020-11-01,Курская область,530.8,0.3807201262
2020-12-01,Курская область,861.8,0.6185759403
2021-01-01,Ленинградская область,946.2,0.421507484
2021-02-01,Ленинградская область,497,0.2537008678
2021-03-01,Ленинградская область,521.6,0.2522975718
2020-04-01,Ленинградская область,60.4,0.03005573248
2020-05-01,Ленинградская область,516.4,0.2457175485
2020-06-01,Ленинградская область,584.4,0.3038053649
2020-07-01,Ленинградская область,350.2,0.1767972536
2020-08-01,Ленинградская область,112,0.05699745547
2020-09-01,Ленинградская область,326.2,0.1688580598
2020-10-01,Ленинградская область,333,0.1650966782
2020-11-01,Ленинградская область,570.8,0.3042319582
2020-12-01,Ленинградская область,1287,0.6664940445
2021-01-01,Липецкая область,546,0.3540856031
2021-02-01,Липецкая область,393.4,0.2912779505
2021-03-01,Липецкая область,483.8,0.3281779948
2020-04-01,Липецкая область,25.8,0.01815367295
2020-05-01,Липецкая область,7.2,0.004855678446
2020-06-01,Липецкая область,297.8,0.2104296213
2020-07-01,Липецкая область,106.8,0.07687877915
2020-08-01,Липецкая область,64.8,0.04838709677
2020-09-01,Липецкая область,456.2,0.3559057575
2020-10-01,Липецкая область,737.4,0.5125816766
2020-11-01,Липецкая область,777.8,0.5756364713
2020-12-01,Липецкая область,852,0.603827073
2021-01-01,Магаданская область,39.2,0.2804005722
2021-02-01,Магаданская область,34,0.2857142857
2021-03-01,Магаданская область,-7.6,-0.04884318766
2020-04-01,Магаданская область,-19.2,-0.1295546559
2020-05-01,Магаданская область,-21,-0.1555555556
2020-06-01,Магаданская область,15.6,0.1254019293
2020-07-01,Магаданская область,-3.4,-0.02456647399
2020-08-01,Магаданская область,-12,-0.08759124088
2020-09-01,Магаданская область,7.8,0.05485232068
2020-10-01,Магаданская область,53.2,0.4332247557
2020-11-01,Магаданская область,36.6,0.2723214286
2020-12-01,Магаданская область,51,0.3311688312
2021-01-01,Московская область,3012.6,0.3502453089
2021-02-01,Московская область,1347.6,0.1815096169
2021-03-01,Московская область,1504.6,0.1877370733
2020-04-01,Московская область,915.6,0.118518135
2020-05-01,Московская область,3257.4,0.4159303335
2020-06-01,Московская область,1921.6,0.2554503882
2020-07-01,Московская область,794.4,0.1060954111
2020-08-01,Московская область,625,0.08398280032
2020-09-01,Московская область,1278.8,0.172969756
2020-10-01,Московская область,2028.6,0.2529931158
2020-11-01,Московская область,3411.2,0.4611723989
2020-12-01,Московская область,4911.4,0.6078766276
2021-01-01,Мурманская область,222.8,0.2815975733
2021-02-01,Мурманская область,227.6,0.3231118683
2021-03-01,Мурманская область,168.8,0.2158015853
2020-04-01,Мурманская область,45.2,0.0668836934
2020-05-01,Мурманская область,-31.4,-0.04223836427
2020-06-01,Мурманская область,-41,-0.0598540146
2020-07-01,Мурманская область,194.6,0.2814579115
2020-08-01,Мурманская область,67,0.09696092619
2020-09-01,Мурманская область,229.4,0.3260375213
2020-10-01,Мурманская область,150.2,0.2072295806
2020-11-01,Мурманская область,302.4,0.4509394572
2020-12-01,Мурманская область,427.8,0.6074978699
2021-01-01,Новгородская область,336,0.3555555556
2021-02-01,Новгородская область,145.6,0.1810044754
2021-03-01,Новгородская область,191.2,0.2175694128
2020-04-01,Новгородская область,-99,-0.1104910714
2020-05-01,Новгородская область,-56.6,-0.06362410072
2020-06-01,Новгородская область,127.4,0.1531986532
2020-07-01,Новгородская область,-9.6,-0.01144765085
2020-08-01,Новгородская область,-29.6,-0.03555128513
2020-09-01,Новгородская область,1.4,0.001653673518
2020-10-01,Новгородская область,38.8,0.04542261765
2020-11-01,Новгородская область,167.4,0.1986707809
2020-12-01,Новгородская область,447.2,0.5213336442
2021-01-01,Новосибирская область,701.2,0.2132733135
2021-02-01,Новосибирская область,275.6,0.09322148559
2021-03-01,Новосибирская область,484.4,0.1556255221
2020-04-01,Новосибирская область,-26.2,-0.008820954818
2020-05-01,Новосибирская область,152.2,0.05008556009
2020-06-01,Новосибирская область,634.2,0.2134778511
2020-07-01,Новосибирская область,691.6,0.2373044194
2020-08-01,Новосибирская область,341.4,0.1161382501
2020-09-01,Новосибирская область,456.4,0.1612948827
2020-10-01,Новосибирская область,1237.6,0.4073196419
2020-11-01,Новосибирская область,2316.8,0.8177325992
2020-12-01,Новосибирская область,1472,0.496124031
2021-01-01,Омская область,415,0.1795759412
2021-02-01,Омская область,215,0.1033653846
2021-03-01,Омская область,446.8,0.2025201704
2020-04-01,Омская область,-193,-0.09112370161
2020-05-01,Омская область,-42.4,-0.01905275456
2020-06-01,Омская область,-17.8,-0.008558515242
2020-07-01,Омская область,734,0.3477025107
2020-08-01,Омская область,373.6,0.1824753346
2020-09-01,Омская область,378.4,0.1861655023
2020-10-01,Омская область,1110.2,0.5257126622
2020-11-01,Омская область,1467.6,0.7310949487
2020-12-01,Омская область,973.8,0.4722141402
2021-01-01,Оренбургская область,418.4,0.1745806559
2021-02-01,Оренбургская область,333,0.1605593057
2021-03-01,Оренбургская область,334.6,0.1438892234
2020-04-01,Оренбургская область,-132.4,-0.05938817619
2020-05-01,Оренбургская область,-129.2,-0.05663685779
2020-06-01,Оренбургская область,-100.2,-0.04480815669
2020-07-01,Оренбургская область,855,0.3818669049
2020-08-01,Оренбургская область,27,0.01216764308
2020-09-01,Оренбургская область,633.4,0.3070881412
2020-10-01,Оренбургская область,1293,0.5829576195
2020-11-01,Оренбургская область,1638.8,0.7810504242
2020-12-01,Оренбургская область,1372.6,0.6629636785
2021-01-01,Орловская область,450.8,0.4169441361
2021-02-01,Орловская область,247.2,0.2567511425
2021-03-01,Орловская область,326.2,0.327247191
2020-04-01,Орловская область,-160,-0.1606425703
2020-05-01,Орловская область,90.4,0.08507434594
2020-06-01,Орловская область,-151.6,-0.1531932094
2020-07-01,Орловская область,314,0.3281086729
2020-08-01,Орловская область,7,0.007329842932
2020-09-01,Орловская область,246.8,0.2717463114
2020-10-01,Орловская область,60.2,0.05784012298
2020-11-01,Орловская область,265.4,0.2818606627
2020-12-01,Орловская область,843.2,0.8614630159
2021-01-01,Пензенская область,429.8,0.2448723792
2021-02-01,Пензенская область,323,0.2122207622
2021-03-01,Пензенская область,297.2,0.1712178822
2020-04-01,Пензенская область,-11.6,-0.007044819628
2020-05-01,Пензенская область,309.4,0.1879023442
2020-06-01,Пензенская область,456.4,0.2867554662
2020-07-01,Пензенская область,401.2,0.2636351689
2020-08-01,Пензенская область,30.6,0.02013952876
2020-09-01,Пензенская область,396.4,0.2688186627
2020-10-01,Пензенская область,679.2,0.442245084
2020-11-01,Пензенская область,695.8,0.4666040773
2020-12-01,Пензенская область,753.2,0.4590443686
2021-01-01,Пермский край,354,0.1072077529
2021-02-01,Пермский край,75.2,0.02610386004
2021-03-01,Пермский край,392,0.128314239
2020-04-01,Пермский край,-164.2,-0.0562097768
2020-05-01,Пермский край,-235.8,-0.07614311547
2020-06-01,Пермский край,-3.2,-0.001089102171
2020-07-01,Пермский край,799,0.2771418661
2020-08-01,Пермский край,-148.4,-0.05123601712
2020-09-01,Пермский край,447,0.1559665038
2020-10-01,Пермский край,1274,0.4293899562
2020-11-01,Пермский край,1711,0.6141421393
2020-12-01,Пермский край,1250.2,0.4338260809
2021-01-01,Приморский край,710,0.2959566486
2021-02-01,Приморский край,344.8,0.1662327644
2021-03-01,Приморский край,232.6,0.09972560453
2020-04-01,Приморский край,-89.6,-0.04233204195
2020-05-01,Приморский край,253.8,0.1157213204
2020-06-01,Приморский край,-248,-0.1225296443
2020-07-01,Приморский край,122.8,0.05844279459
2020-08-01,Приморский край,-49,-0.02265372168
2020-09-01,Приморский край,214.2,0.1093526649
2020-10-01,Приморский край,211,0.09750462107
2020-11-01,Приморский край,844.2,0.4033830275
2020-12-01,Приморский край,2005.2,0.9419391206
2021-01-01,Псковская область,285.8,0.2718797565
2021-02-01,Псковская область,157.8,0.1823855756
2021-03-01,Псковская область,81.2,0.08253710104
2020-04-01,Псковская область,-71.8,-0.07403588369
2020-05-01,Псковская область,-53.4,-0.05684479455
2020-06-01,Псковская область,73.8,0.07925257732
2020-07-01,Псковская область,45,0.05016722408
2020-08-01,Псковская область,-11,-0.01230425056
2020-09-01,Псковская область,86.6,0.1014764472
2020-10-01,Псковская область,31.6,0.0339638865
2020-11-01,Псковская область,167.4,0.1907474932
2020-12-01,Псковская область,596,0.6571113561
2021-01-01,Республика Адыгея,206.8,0.3751814224
2021-02-01,Республика Адыгея,130.8,0.2867163525
2021-03-01,Республика Адыгея,65,0.1257253385
2020-04-01,Республика Адыгея,-53,-0.1172566372
2020-05-01,Республика Адыгея,38.2,0.0755239225
2020-06-01,Республика Адыгея,-40,-0.08908685969
2020-07-01,Республика Адыгея,-3.4,-0.007321274763
2020-08-01,Республика Адыгея,-33.4,-0.07100340136
2020-09-01,Республика Адыгея,89.8,0.2152444871
2020-10-01,Республика Адыгея,87.4,0.1901653612
2020-11-01,Республика Адыгея,36,0.07877461707
2020-12-01,Республика Адыгея,295.2,0.6014669927
2021-01-01,Республика Алтай,63,0.3088235294
2021-02-01,Республика Алтай,1.4,0.008111239861
2021-03-01,Республика Алтай,32,0.1658031088
2020-04-01,Республика Алтай,21.6,0.1204013378
2020-05-01,Республика Алтай,-15.2,-0.08033826638
2020-06-01,Республика Алтай,15.6,0.08996539792
2020-07-01,Республика Алтай,14.6,0.08138238573
2020-08-01,Республика Алтай,6.8,0.03613177471
2020-09-01,Республика Алтай,40.2,0.2248322148
2020-10-01,Республика Алтай,44.8,0.2355415352
2020-11-01,Республика Алтай,89.4,0.520979021
2020-12-01,Республика Алтай,60,0.3370786517
2021-01-01,Республика Башкортостан,922.2,0.1983737739
2021-02-01,Республика Башкортостан,479.4,0.1225585438
2021-03-01,Республика Башкортостан,694.8,0.1588404737
2020-04-01,Республика Башкортостан,-154.6,-0.03624343586
2020-05-01,Республика Башкортостан,132.8,0.02973444987
2020-06-01,Республика Башкортостан,-130.4,-0.03047868362
2020-07-01,Республика Башкортостан,2007.4,0.4764097209
2020-08-01,Республика Башкортостан,339.6,0.07959872492
2020-09-01,Республика Башкортостан,1035,0.2599849284
2020-10-01,Республика Башкортостан,1820.6,0.4309724458
2020-11-01,Республика Башкортостан,2406.4,0.5977742448
2020-12-01,Республика Башкортостан,2018.4,0.4741812714
2021-01-01,Республика Бурятия,122.2,0.1212542171
2021-02-01,Республика Бурятия,100.2,0.1154643927
2021-03-01,Республика Бурятия,223.2,0.2345030469
2020-04-01,Республика Бурятия,-44.4,-0.05026035771
2020-05-01,Республика Бурятия,-108.6,-0.118740433
2020-06-01,Республика Бурятия,-46.8,-0.05271457535
2020-07-01,Республика Бурятия,91.8,0.1048903108
2020-08-01,Республика Бурятия,-33.4,-0.03772306302
2020-09-01,Республика Бурятия,57.6,0.06757390896
2020-10-01,Республика Бурятия,87,0.09613259669
2020-11-01,Республика Бурятия,486.4,0.5711601691
2020-12-01,Республика Бурятия,554,0.630261661
2021-01-01,Республика Дагестан,438.4,0.3748290014
2021-02-01,Республика Дагестан,172.8,0.1223622716
2021-03-01,Республика Дагестан,291.6,0.2145063999
2020-04-01,Республика Дагестан,-59.8,-0.04590113601
2020-05-01,Республика Дагестан,762.2,0.5955618065
2020-06-01,Республика Дагестан,-46,-0.03878583474
2020-07-01,Республика Дагестан,927,0.767384106
2020-08-01,Республика Дагестан,640.8,0.5121483376
2020-09-01,Республика Дагестан,576,0.4713584288
2020-10-01,Республика Дагестан,534.8,0.4448511063
2020-11-01,Республика Дагестан,-17,-0.01294744859
2020-12-01,Республика Дагестан,1049.4,0.7833681696
2021-01-01,Республика Ингушетия,77.8,0.7612524462
2021-02-01,Республика Ингушетия,49.8,0.4009661836
2021-03-01,Республика Ингушетия,60.6,0.4794303797
2020-04-01,Республика Ингушетия,17.4,0.130239521
2020-05-01,Республика Ингушетия,77.8,0.5885022693
2020-06-01,Республика Ингушетия,38.4,0.393442623
2020-07-01,Республика Ингушетия,84.2,0.7810760668
2020-08-01,Республика Ингушетия,73,0.6347826087
2020-09-01,Республика Ингушетия,29.2,0.233974359
2020-10-01,Республика Ингушетия,-5.6,-0.03530895334
2020-11-01,Республика Ингушетия,18.4,0.1327561328
2020-12-01,Республика Ингушетия,61.6,0.3769889841
2021-01-01,Республика Калмыкия,49.4,0.2011400651
2021-02-01,Республика Калмыкия,52,0.2464454976
2021-03-01,Республика Калмыкия,69.8,0.2881915772
2020-04-01,Республика Калмыкия,-21.2,-0.09584086799
2020-05-01,Республика Калмыкия,-19.6,-0.08536585366
2020-06-01,Республика Калмыкия,45,0.2112676056
2020-07-01,Республика Калмыкия,45,0.1931330472
2020-08-01,Республика Калмыкия,-44.2,-0.2007266122
2020-09-01,Республика Калмыкия,104,0.5306122449
2020-10-01,Республика Калмыкия,77.8,0.3439434129
2020-11-01,Республика Калмыкия,74.6,0.3649706458
2020-12-01,Республика Калмыкия,104.2,0.453437772
2021-01-01,Республика Карелия,360.4,0.4168401573
2021-02-01,Республика Карелия,322.4,0.4492753623
2021-03-01,Республика Карелия,220,0.2739726027
2020-04-01,Республика Карелия,-56.4,-0.07476139979
2020-05-01,Республика Карелия,-40,-0.05141388175
2020-06-01,Республика Карелия,-13.2,-0.01788133297
2020-07-01,Республика Карелия,6,0.007853403141
2020-08-01,Республика Карелия,-7.4,-0.009731720147
2020-09-01,Республика Карелия,79.8,0.1078087004
2020-10-01,Республика Карелия,64.6,0.08396152846
2020-11-01,Республика Карелия,293.6,0.397616468
2020-12-01,Республика Карелия,588.2,0.7929361014
2021-01-01,Республика Коми,161.4,0.1712285169
2021-02-01,Республика Коми,38.4,0.04754829123
2021-03-01,Республика Коми,170.8,0.19251578
2020-04-01,Республика Коми,-33.4,-0.04263466939
2020-05-01,Республика Коми,15.2,0.01733576642
2020-06-01,Республика Коми,-132.8,-0.1623868917
2020-07-01,Республика Коми,64.4,0.07809847199
2020-08-01,Республика Коми,-22.2,-0.02658045977
2020-09-01,Республика Коми,34.8,0.04227405248
2020-10-01,Республика Коми,213.8,0.2485468496
2020-11-01,Республика Коми,432,0.5440806045
2020-12-01,Республика Коми,410.6,0.4690427233
2021-01-01,Республика Марий Эл,172,0.2269129288
2021-02-01,Республика Марий Эл,78.8,0.1167061611
2021-03-01,Республика Марий Эл,157.8,0.2117552335
2020-04-01,Республика Марий Эл,-92.6,-0.1238630284
2020-05-01,Республика Марий Эл,-77,-0.09821428571
2020-06-01,Республика Марий Эл,55.4,0.0746027471
2020-07-01,Республика Марий Эл,140,0.1907356948
2020-08-01,Республика Марий Эл,119,0.1707317073
2020-09-01,Республика Марий Эл,93.4,0.1384524162
2020-10-01,Республика Марий Эл,196.2,0.2655657823
2020-11-01,Республика Марий Эл,314.4,0.4545980335
2020-12-01,Республика Марий Эл,414.4,0.5957446809
2021-01-01,Республика Мордовия,517.8,0.5261125787
2021-02-01,Республика Мордовия,184.4,0.2204159694
2021-03-01,Республика Мордовия,176.2,0.1853176273
2020-04-01,Республика Мордовия,-110.8,-0.1140152295
2020-05-01,Республика Мордовия,317.2,0.3332632906
2020-06-01,Республика Мордовия,84,0.09081081081
2020-07-01,Республика Мордовия,179.8,0.2040399455
2020-08-01,Республика Мордовия,97,0.1111111111
2020-09-01,Республика Мордовия,167.6,0.1973157523
2020-10-01,Республика Мордовия,326.2,0.3569708908
2020-11-01,Республика Мордовия,220.6,0.2537382103
2020-12-01,Республика Мордовия,854.2,0.9524977698
2021-01-01,Республика Саха (Якутия),117.2,0.1677160847
2021-02-01,Республика Саха (Якутия),125.8,0.2095968011
2021-03-01,Республика Саха (Якутия),135.8,0.2032325651
2020-04-01,Республика Саха (Якутия),-39.4,-0.06220397853
2020-05-01,Республика Саха (Якутия),49.2,0.07174103237
2020-06-01,Республика Саха (Якутия),-141.4,-0.2177394518
2020-07-01,Республика Саха (Якутия),157,0.2430340557
2020-08-01,Республика Саха (Якутия),84.4,0.1271850512
2020-09-01,Республика Саха (Якутия),203.4,0.3097776424
2020-10-01,Республика Саха (Якутия),227.2,0.3501849568
2020-11-01,Республика Саха (Якутия),398.2,0.6508662962
2020-12-01,Республика Саха (Якутия),338.4,0.5290806754
2021-01-01,Республика Северная Осетия- Алания,277.4,0.4270320197
2021-02-01,Республика Северная Осетия- Алания,184,0.2991869919
2021-03-01,Республика Северная Осетия- Алания,89.4,0.1315479694
2020-04-01,Республика Северная Осетия- Алания,30,0.04926108374
2020-05-01,Республика Северная Осетия- Алания,301.2,0.4907135875
2020-06-01,Республика Северная Осетия- Алания,-165.6,-0.2882004873
2020-07-01,Республика Северная Осетия- Алания,307.2,0.5190942886
2020-08-01,Республика Северная Осетия- Алания,69.4,0.1191211809
2020-09-01,Республика Северная Осетия- Алания,69.6,0.1287934863
2020-10-01,Республика Северная Осетия- Алания,92.6,0.1592707258
2020-11-01,Республика Северная Осетия- Алания,159.2,0.2676529926
2020-12-01,Республика Северная Осетия- Алания,406.6,0.6886856369
2021-01-01,Республика Татарстан(Татарстан),808.6,0.1995853285
2021-02-01,Республика Татарстан(Татарстан),338.4,0.09611997955
2021-03-01,Республика Татарстан(Татарстан),514.4,0.1353826719
2020-04-01,Республика Татарстан(Татарстан),-234.2,-0.06280167328
2020-05-01,Республика Татарстан(Татарстан),3.6,0.0009173376822
2020-06-01,Республика Татарстан(Татарстан),941.4,0.2512007685
2020-07-01,Республика Татарстан(Татарстан),1842.2,0.509063778
2020-08-01,Республика Татарстан(Татарстан),600.2,0.1642673381
2020-09-01,Республика Татарстан(Татарстан),540.6,0.1520076482
2020-10-01,Республика Татарстан(Татарстан),1677.2,0.4490735782
2020-11-01,Республика Татарстан(Татарстан),2438.8,0.7153584419
2020-12-01,Республика Татарстан(Татарстан),2189.6,0.6026311444
2021-01-01,Республика Тыва,34,0.1387755102
2021-02-01,Республика Тыва,-31,-0.1448598131
2021-03-01,Республика Тыва,-9.4,-0.0375399361
2020-04-01,Республика Тыва,-19.2,-0.08450704225
2020-05-01,Республика Тыва,18.8,0.07730263158
2020-06-01,Республика Тыва,-27.6,-0.1105769231
2020-07-01,Республика Тыва,53.2,0.2039877301
2020-08-01,Республика Тыва,13.2,0.04947526237
2020-09-01,Республика Тыва,38.2,0.1613175676
2020-10-01,Республика Тыва,39.8,0.1610032362
2020-11-01,Республика Тыва,20.2,0.08752166378
2020-12-01,Республика Тыва,49.8,0.2144702842
2021-01-01,Республика Хакасия,119,0.191011236
2021-02-01,Республика Хакасия,-1.4,-0.002484913028
2021-03-01,Республика Хакасия,40.4,0.06605624591
2020-04-01,Республика Хакасия,-64.4,-0.11095796
2020-05-01,Республика Хакасия,-89.6,-0.1504365346
2020-06-01,Республика Хакасия,15.6,0.02788702181
2020-07-01,Республика Хакасия,42,0.07608695652
2020-08-01,Республика Хакасия,36.4,0.06847253574
2020-09-01,Республика Хакасия,21,0.04
2020-10-01,Республика Хакасия,46.6,0.08330353951
2020-11-01,Республика Хакасия,352.6,0.6476855253
2020-12-01,Республика Хакасия,308.4,0.5491452991
2021-01-01,Ростовская область,1560.8,0.2920549381
2021-02-01,Ростовская область,889.6,0.194729008
2021-03-01,Ростовская область,1251.8,0.2515068713
2020-04-01,Ростовская область,-364.8,-0.07740621287
2020-05-01,Ростовская область,299.2,0.06082784419
2020-06-01,Ростовская область,-160.6,-0.03433384642
2020-07-01,Ростовская область,551.2,0.1179087875
2020-08-01,Ростовская область,89.4,0.01923987432
2020-09-01,Ростовская область,1175,0.2786341001
2020-10-01,Ростовская область,2388.8,0.4958897285
2020-11-01,Ростовская область,1635.8,0.3539007399
2020-12-01,Ростовская область,2407,0.5075917334
2021-01-01,Рязанская область,695,0.4235222425
2021-02-01,Рязанская область,238.2,0.173009878
2021-03-01,Рязанская область,275,0.1816380449
2020-04-01,Рязанская область,-112.6,-0.07773022228
2020-05-01,Рязанская область,272.8,0.1790966387
2020-06-01,Рязанская область,-43.4,-0.03017241379
2020-07-01,Рязанская область,222.8,0.1592338479
2020-08-01,Рязанская область,43.4,0.03023126219
2020-09-01,Рязанская область,222.2,0.1637676887
2020-10-01,Рязанская область,512,0.3548163548
2020-11-01,Рязанская область,669.2,0.4896107697
2020-12-01,Рязанская область,848,0.595924104
2021-01-01,Самарская область,1185.4,0.3061783242
2021-02-01,Самарская область,515.4,0.14635393
2021-03-01,Самарская область,933.4,0.2425297511
2020-04-01,Самарская область,-168.8,-0.04664529678
2020-05-01,Самарская область,125.2,0.0329058032
2020-06-01,Самарская область,295,0.08055707264
2020-07-01,Самарская область,1250.4,0.3513741359
2020-08-01,Самарская область,311.6,0.08912023796
2020-09-01,Самарская область,854.2,0.2507338265
2020-10-01,Самарская область,2350.4,0.6507918928
2020-11-01,Самарская область,2609.8,0.7677688868
2020-12-01,Самарская область,2023.8,0.5521663211
2021-01-01,Саратовская область,753.6,0.2370258539
2021-02-01,Саратовская область,861.6,0.3250830063
2021-03-01,Саратовская область,774.2,0.2612187057
2020-04-01,Саратовская область,-282,-0.1002488446
2020-05-01,Саратовская область,583.4,0.1918700257
2020-06-01,Саратовская область,-324,-0.1130890052
2020-07-01,Саратовская область,648,0.2319255548
2020-08-01,Саратовская область,349.4,0.1267043806
2020-09-01,Саратовская область,376,0.1435662467
2020-10-01,Саратовская область,1272.4,0.4429436747
2020-11-01,Саратовская область,1513,0.5572744015
2020-12-01,Саратовская область,1461,0.52610731
2021-01-01,Сахалинская область,217.4,0.3941261784
2021-02-01,Сахалинская область,43.4,0.08919030004
2021-03-01,Сахалинская область,41.2,0.07439508848
2020-04-01,Сахалинская область,-47.4,-0.09232567199
2020-05-01,Сахалинская область,-57,-0.1059479554
2020-06-01,Сахалинская область,-22.4,-0.04530744337
2020-07-01,Сахалинская область,65.8,0.1272235112
2020-08-01,Сахалинская область,0.2,0.0003938558488
2020-09-01,Сахалинская область,55.2,0.1076443058
2020-10-01,Сахалинская область,96.4,0.1827141774
2020-11-01,Сахалинская область,142,0.2927835052
2020-12-01,Сахалинская область,303.2,0.6228430567
2021-01-01,Свердловская область,1068.8,0.1916717478
2021-02-01,Свердловская область,418.4,0.08838938651
2021-03-01,Свердловская область,915.6,0.1815082071
2020-04-01,Свердловская область,-269,-0.05575129534
2020-05-01,Свердловская область,-525.8,-0.104040524
2020-06-01,Свердловская область,437,0.09045746222
2020-07-01,Свердловская область,2217,0.4621638524
2020-08-01,Свердловская область,59.6,0.0123461905
2020-09-01,Свердловская область,493.2,0.1039892047
2020-10-01,Свердловская область,947.2,0.1905528285
2020-11-01,Свердловская область,2569.4,0.5552338145
2020-12-01,Свердловская область,3172.6,0.6596664865
2021-01-01,Смоленская область,348.6,0.2483967507
2021-02-01,Смоленская область,215,0.1806722689
2021-03-01,Смоленская область,261,0.2042253521
2020-04-01,Смоленская область,-113.6,-0.09208819715
2020-05-01,Смоленская область,162.8,0.1264760721
2020-06-01,Смоленская область,123.4,0.1019329258
2020-07-01,Смоленская область,41.6,0.03431210822
2020-08-01,Смоленская область,-57.8,-0.04817469578
2020-09-01,Смоленская область,81.6,0.07117934403
2020-10-01,Смоленская область,136.4,0.1083743842
2020-11-01,Смоленская область,298.8,0.2531774276
2020-12-01,Смоленская область,686.8,0.5693914774
2021-01-01,Ставропольский край,1241.4,0.4107060147
2021-02-01,Ставропольский край,383.6,0.1471761817
2021-03-01,Ставропольский край,594.8,0.2081030019
2020-04-01,Ставропольский край,-252.4,-0.09573661053
2020-05-01,Ставропольский край,37,0.0134643377
2020-06-01,Ставропольский край,342,0.1353383459
2020-07-01,Ставропольский край,386.4,0.1490970829
2020-08-01,Ставропольский край,-53.6,-0.02055529989
2020-09-01,Ставропольский край,824.8,0.3468169204
2020-10-01,Ставропольский край,1102.2,0.4368955129
2020-11-01,Ставропольский край,910,0.3585500394
2020-12-01,Ставропольский край,1528.2,0.5423379942
2021-01-01,Тамбовская область,454.4,0.3056639311
2021-02-01,Тамбовская область,160,0.1262825572
2021-03-01,Тамбовская область,256.4,0.1870713556
2020-04-01,Тамбовская область,-93,-0.06753812636
2020-05-01,Тамбовская область,-49.2,-0.0348392579
2020-06-01,Тамбовская область,180.4,0.1375419335
2020-07-01,Тамбовская область,136.8,0.1061123177
2020-08-01,Тамбовская область,-4.8,-0.003750586029
2020-09-01,Тамбовская область,149,0.1197749196
2020-10-01,Тамбовская область,331.6,0.2412689173
2020-11-01,Тамбовская область,594.4,0.4577237024
2020-12-01,Тамбовская область,772.2,0.6158877014
2021-01-01,Тверская область,698.4,0.3399201791
2021-02-01,Тверская область,373.2,0.2152497405
2021-03-01,Тверская область,402.2,0.2135046183
2020-04-01,Тверская область,-68.8,-0.0370529944
2020-05-01,Тверская область,-31.6,-0.0167142706
2020-06-01,Тверская область,358,0.2036405006
2020-07-01,Тверская область,167.6,0.09515158397
2020-08-01,Тверская область,-7.2,-0.004132705774
2020-09-01,Тверская область,184.4,0.1071096654
2020-10-01,Тверская область,20.2,0.01080329447
2020-11-01,Тверская область,271.6,0.156235619
2020-12-01,Тверская область,837.4,0.464293635
2021-01-01,Томская область,310.2,0.2683855338
2021-02-01,Томская область,123,0.12
2021-03-01,Томская область,220.4,0.2093862816
2020-04-01,Томская область,35,0.03611971104
2020-05-01,Томская область,-67.8,-0.06514219831
2020-06-01,Томская область,11.4,0.0113140135
2020-07-01,Томская область,172.2,0.1745034455
2020-08-01,Томская область,100.8,0.1038961039
2020-09-01,Томская область,145.2,0.1446503288
2020-10-01,Томская область,365.4,0.3619255151
2020-11-01,Томская область,776.8,0.8064784053
2020-12-01,Томская область,609.6,0.611802489
2021-01-01,Тульская область,741.4,0.3245207038
2021-02-01,Тульская область,395.4,0.2071675574
2021-03-01,Тульская область,319,0.1481653507
2020-04-01,Тульская область,-277.8,-0.1341510527
2020-05-01,Тульская область,286.4,0.1336070162
2020-06-01,Тульская область,447.6,0.226243429
2020-07-01,Тульская область,207.6,0.1058967558
2020-08-01,Тульская область,21.4,0.01102751726
2020-09-01,Тульская область,172.8,0.08739631803
2020-10-01,Тульская область,242,0.1142048136
2020-11-01,Тульская область,601,0.3038422649
2020-12-01,Тульская область,1198.2,0.5920545508
2021-01-01,Тюменская область,539.2,0.1957310876
2021-01-01,Тюменская область,539.2,0.1957310876
2021-02-01,Тюменская область,426.6,0.1813467097
2021-02-01,Тюменская область,426.6,0.1813467097
2021-03-01,Тюменская область,530.2,0.2125220459
2021-03-01,Тюменская область,530.2,0.2125220459
2020-04-01,Тюменская область,24.4,0.01048290084
2020-04-01,Тюменская область,24.4,0.01048290084
2020-05-01,Тюменская область,-35.6,-0.01407337128
2020-05-01,Тюменская область,-35.6,-0.01407337128
2020-06-01,Тюменская область,317.4,0.1338336988
2020-06-01,Тюменская область,317.4,0.1338336988
2020-07-01,Тюменская область,922.6,0.3879078372
2020-07-01,Тюменская область,922.6,0.3879078372
2020-08-01,Тюменская область,273.6,0.113555242
2020-08-01,Тюменская область,273.6,0.113555242
2020-09-01,Тюменская область,440.8,0.1873990307
2020-09-01,Тюменская область,440.8,0.1873990307
2020-10-01,Тюменская область,990.8,0.4077030697
2020-10-01,Тюменская область,990.8,0.4077030697
2020-11-01,Тюменская область,1691.2,0.7268351384
2020-11-01,Тюменская область,1691.2,0.7268351384
2020-12-01,Тюменская область,1205.8,0.4820885975
2020-12-01,Тюменская область,1205.8,0.4820885975
2021-01-01,Удмуртская Республика,169.4,0.09856860235
2021-02-01,Удмуртская Республика,177.2,0.1233296214
2021-03-01,Удмуртская Республика,227.4,0.1418059366
2020-04-01,Удмуртская Республика,-40.4,-0.02657195475
2020-05-01,Удмуртская Республика,-177.2,-0.1088318388
2020-06-01,Удмуртская Республика,-66.8,-0.04318593225
2020-07-01,Удмуртская Республика,301.6,0.1981082501
2020-08-01,Удмуртская Республика,76.4,0.04991506599
2020-09-01,Удмуртская Республика,594.8,0.411569333
2020-10-01,Удмуртская Республика,970.2,0.6342005491
2020-11-01,Удмуртская Республика,596.8,0.4037342714
2020-12-01,Удмуртская Республика,674.6,0.4566129687
2021-01-01,Ульяновская область,300.6,0.1826911389
2021-02-01,Ульяновская область,148.8,0.1055918251
2021-03-01,Ульяновская область,372.2,0.239696033
2020-04-01,Ульяновская область,-179.4,-0.1167664671
2020-05-01,Ульяновская область,-91.4,-0.05876301916
2020-06-01,Ульяновская область,147.8,0.1004622077
2020-07-01,Ульяновская область,423,0.2943632568
2020-08-01,Ульяновская область,-32.8,-0.02239213545
2020-09-01,Ульяновская область,448.4,0.3257300596
2020-10-01,Ульяновская область,578.8,0.3840233546
2020-11-01,Ульяновская область,705.2,0.5088757396
2020-12-01,Ульяновская область,867.6,0.5916530278
2021-01-01,Хабаровский край,653.2,0.402514173
2021-02-01,Хабаровский край,195,0.142439737
2021-03-01,Хабаровский край,161,0.1062706271
2020-04-01,Хабаровский край,36,0.02569593148
2020-05-01,Хабаровский край,-73.4,-0.04961470867
2020-06-01,Хабаровский край,158.6,0.1136591658
2020-07-01,Хабаровский край,243.2,0.1672857339
2020-08-01,Хабаровский край,43.8,0.03161998267
2020-09-01,Хабаровский край,200.8,0.1469770165
2020-10-01,Хабаровский край,267.8,0.17558353
2020-11-01,Хабаровский край,856.6,0.6009541181
2020-12-01,Хабаровский край,1308.6,0.9078673512
2021-01-01,Ханты-Мансийский авт.округ-Югра,233.4,0.2414649286
2021-02-01,Ханты-Мансийский авт.округ-Югра,203.8,0.2496937025
2021-03-01,Ханты-Мансийский авт.округ-Югра,257.2,0.291016067
2020-04-01,Ханты-Мансийский авт.округ-Югра,32.6,0.04052710094
2020-05-01,Ханты-Мансийский авт.округ-Югра,25.4,0.02864877058
2020-06-01,Ханты-Мансийский авт.округ-Югра,154.8,0.1878184907
2020-07-01,Ханты-Мансийский авт.округ-Югра,319.8,0.3774787535
2020-08-01,Ханты-Мансийский авт.округ-Югра,184.2,0.2211815562
2020-09-01,Ханты-Мансийский авт.округ-Югра,224.2,0.2660180351
2020-10-01,Ханты-Мансийский авт.округ-Югра,304.2,0.3562895292
2020-11-01,Ханты-Мансийский авт.округ-Югра,700.2,0.8561995598
2020-12-01,Ханты-Мансийский авт.округ-Югра,566.4,0.6468707172
2021-01-01,Челябинская область,734,0.1740986717
2021-02-01,Челябинская область,215.2,0.05829134839
2021-03-01,Челябинская область,486.2,0.1202929388
2020-04-01,Челябинская область,-216.2,-0.05570442131
2020-05-01,Челябинская область,-232.8,-0.0573286052
2020-06-01,Челябинская область,-214,-0.05534005689
2020-07-01,Челябинская область,1716,0.4512227189
2020-08-01,Челябинская область,284,0.07537154989
2020-09-01,Челябинская область,741.2,0.2029683991
2020-10-01,Челябинская область,2223.8,0.5616791271
2020-11-01,Челябинская область,2696,0.7420864299
2020-12-01,Челябинская область,2084.8,0.5443057804
2021-01-01,Чеченская Республика,225.2,0.4008543966
2021-02-01,Чеченская Республика,65.8,0.124574025
2021-03-01,Чеченская Республика,46.8,0.08429394813
2020-04-01,Чеченская Республика,71.8,0.124178485
2020-05-01,Чеченская Республика,222,0.4014466546
2020-06-01,Чеченская Республика,72.2,0.1536824181
2020-07-01,Чеченская Республика,446.8,0.8018664752
2020-09-01,Чеченская Республика,343.8,0.7100371747
2020-10-01,Чеченская Республика,196.8,0.3690922731
2020-11-01,Чеченская Республика,190.4,0.3420768954
2020-12-01,Чеченская Республика,637.8,1.060878244
2021-01-01,Чувашская Республика(Чувашия),496.8,0.3599478336
2021-03-01,Чувашская Республика(Чувашия),187.8,0.1402329749
2020-04-01,Чувашская Республика(Чувашия),-7.8,-0.005896583006
2020-05-01,Чувашская Республика(Чувашия),60.6,0.04333524027
2020-06-01,Чувашская Республика(Чувашия),473,0.3543071161
2020-07-01,Чувашская Республика(Чувашия),578.8,0.4514116363
2020-08-01,Чувашская Республика(Чувашия),32.4,0.02512406948
2020-09-01,Чувашская Республика(Чувашия),321.6,0.260320544
2020-10-01,Чувашская Республика(Чувашия),341.2,0.2509192528
2020-11-01,Чувашская Республика(Чувашия),524.2,0.4231514369
2020-12-01,Чувашская Республика(Чувашия),827.6,0.6535060013
2021-01-01,Чукотский авт.округ,9,0.2
2021-02-01,Чукотский авт.округ,-3.6,-0.1071428571
2021-03-01,Чукотский авт.округ,6,0.1395348837
2020-04-01,Чукотский авт.округ,0.2,0.005291005291
2020-05-01,Чукотский авт.округ,4.2,0.09813084112
2020-06-01,Чукотский авт.округ,4.6,0.108490566
2020-07-01,Чукотский авт.округ,7,0.1627906977
2020-08-01,Чукотский авт.округ,-1.6,-0.04624277457
2020-09-01,Чукотский авт.округ,5.6,0.1181434599
2020-10-01,Чукотский авт.округ,15.4,0.4095744681
2020-11-01,Чукотский авт.округ,-4,-0.1
2020-12-01,Чукотский авт.округ,19.4,0.5025906736
2021-01-01,Ямало-Hенецкий авт.округ,47,0.1843137255
2021-02-01,Ямало-Hенецкий авт.округ,43.6,0.1934338953
2021-03-01,Ямало-Hенецкий авт.округ,11.6,0.05192479857
2020-04-01,Ямало-Hенецкий авт.округ,13.2,0.06232294618
2020-05-01,Ямало-Hенецкий авт.округ,29.6,0.1307420495
2020-06-01,Ямало-Hенецкий авт.округ,80,0.3827751196
2020-07-01,Ямало-Hенецкий авт.округ,93.4,0.4499036609
2020-08-01,Ямало-Hенецкий авт.округ,6.8,0.03019538188
2020-09-01,Ямало-Hенецкий авт.округ,24.4,0.116970278
2020-10-01,Ямало-Hенецкий авт.округ,65.2,0.3007380074
2020-11-01,Ямало-Hенецкий авт.округ,202,0.9099099099
2020-12-01,Ямало-Hенецкий авт.округ,126,0.5779816514
2021-01-01,Ярославская область,561.6,0.3206577595
2021-02-01,Ярославская область,319.6,0.2158875979
2021-03-01,Ярославская область,354.6,0.2164306641
2020-04-01,Ярославская область,-57.8,-0.03635677444
2020-05-01,Ярославская область,139.2,0.08504398827
2020-06-01,Ярославская область,193.4,0.1203035581
2020-07-01,Ярославская область,82.8,0.05279938783
2020-08-01,Ярославская область,3,0.00193174501
2020-09-01,Ярославская область,173.2,0.1118285124
2020-10-01,Ярославская область,229.8,0.1382505114
2020-11-01,Ярославская область,802.4,0.5273396425
2020-12-01,Ярославская область,991.8,0.6276420706
2021-01-01,г.Москва,4904.2,0.428583913
2021-02-01,г.Москва,2876,0.294009405
2021-03-01,г.Москва,2749.4,0.2627585152
2020-04-01,г.Москва,1750.6,0.1736120753
2020-05-01,г.Москва,5797.6,0.584706618
2020-06-01,г.Москва,3591.4,0.3766702326
2020-07-01,г.Москва,1139.2,0.1182748811
2020-08-01,г.Москва,1295.4,0.1338693343
2020-09-01,г.Москва,1548.4,0.1612144181
2020-10-01,г.Москва,3205.4,0.305142509
2020-11-01,г.Москва,4570.2,0.4622994598
2020-12-01,г.Москва,5857.2,0.5479754509
2021-01-01,г.Санкт-Петербург,2633,0.462741652
2021-02-01,г.Санкт-Петербург,1227.4,0.2459423717
2021-03-01,г.Санкт-Петербург,1170.6,0.2160416359
2020-04-01,г.Санкт-Петербург,194.2,0.03812477914
2020-05-01,г.Санкт-Петербург,2144,0.4303492573
2020-06-01,г.Санкт-Петербург,1614.8,0.3375982606
2020-07-01,г.Санкт-Петербург,1004.2,0.2082192917
2020-08-01,г.Санкт-Петербург,351,0.07172047405
2020-09-01,г.Санкт-Петербург,888,0.1830927835
2020-10-01,г.Санкт-Петербург,1510.6,0.2994607882
2020-11-01,г.Санкт-Петербург,2031.2,0.4232724848
2020-12-01,г.Санкт-Петербург,3203.8,0.6312657629
