date;reg_name;excess_mort_p;excess_mort_p_instr
2021-01-01;Республика Адыгея;0.3751814224;0.452733177
2021-01-01;Республика Алтай;0.3088235294;0.1852334785
2021-01-01;Республика Башкортостан;0.1983737739;0.157618793191667
2021-01-01;Республика Бурятия;0.1212542171;0.2316172796
2021-01-01;Республика Дагестан;0.3748290014;0.337566825466667
2021-01-01;Республика Ингушетия;0.7612524462;0.391533207233333
2021-01-01;Кабардино-Балкарская Республика;0.3467132054;0.449366909566667
2021-01-01;Республика Калмыкия;0.2011400651;0.30050774374
2021-01-01;Карачаево-Черкесская Республика;0.5103626943;0.403384132366667
2021-01-01;Республика Карелия;0.4168401573;0.327818728825
2021-01-01;Республика Коми;0.1712285169;0.229884709
2021-01-01;Республика Марий Эл;0.2269129288;0.31880260755
2021-01-01;Республика Мордовия;0.5261125787;0.30973717188
2021-01-01;Республика Саха (Якутия);0.1677160847;0.275484918728571
2021-01-01;Республика Северная Осетия- Алания;0.4270320197;0.479881515725
2021-01-01;Республика Татарстан(Татарстан);0.1995853285;0.24065978256875
2021-01-01;Республика Тыва;0.1387755102;0.21421676596
2021-01-01;Удмуртская Республика;0.09856860235;0.22079796455
2021-01-01;Республика Хакасия;0.191011236;0.193777559975
2021-01-01;Чеченская Республика;0.4008543966;0.4934548705
2021-01-01;Чувашская Республика(Чувашия);0.3599478336;0.29459084802
2021-01-01;Алтайский край;0.2563326535;0.210151129633333
2021-01-01;Забайкальский край;0.2323943662;0.2207252418
2021-01-01;Камчатский край;0.519253911;0.291508916866667
2021-01-01;Краснодарский край;0.452733177;0.397076267375
2021-01-01;Красноярский край;0.2191546543;0.186947124083333
2021-01-01;Пермский край;0.1072077529;0.20757352877
2021-01-01;Приморский край;0.2959566486;0.402514173
2021-01-01;Ставропольский край;0.4107060147;0.3757149372
2021-01-01;Хабаровский край;0.402514173;0.2436549778
2021-01-01;Амурская область;0.3630904724;0.22843393375
2021-01-01;Архангельская область;0.3449323391;0.236127395875
2021-01-01;Астраханская область;0.174297044;0.2258958928
2021-01-01;Белгородская область;0.2151008763;0.2467932574
2021-01-01;Брянская область;0.2462958742;0.312563720475
2021-01-01;Владимирская область;0.2409189083;0.32114910802
2021-01-01;Волгоградская область;0.2506517205;0.22105509538
2021-01-01;Вологодская область;0.2632375189;0.341268672028571
2021-01-01;Воронежская область;0.2007575758;0.278201694571429
2021-01-01;Ивановская область;0.173667964;0.311219046
2021-01-01;Иркутская область;0.230840193;0.22577451025
2021-01-01;Калужская область;0.2920850561;0.33583111445
2021-01-01;Кемеровская область;0.108356546;0.2531939369
2021-01-01;Кировская область;0.3780250029;0.21973418185
2021-01-01;Костромская область;0.228282384;0.2946481021
2021-01-01;Курганская область;0.1994784876;0.189308148675
2021-01-01;Курская область;0.292828939;0.2866368131
2021-01-01;Липецкая область;0.3540856031;0.327372921383333
2021-01-01;Магаданская область;0.2804005722;0.322371042175
2021-01-01;Московская область;0.3502453089;0.327325689125
2021-01-01;Мурманская область;0.2815975733;0.3449323391
2021-01-01;Hижегородская область;0.3376522652;0.31967373035
2021-01-01;Новгородская область;0.3555555556;0.324136234625
2021-01-01;Новосибирская область;0.2132733135;0.203162668625
2021-01-01;Омская область;0.1795759412;0.218280255625
2021-01-01;Оренбургская область;0.1745806559;0.239100949933333
2021-01-01;Орловская область;0.4169441361;0.30196323524
2021-01-01;Пензенская область;0.2448723792;0.33500314902
2021-01-01;Псковская область;0.2718797565;0.33484069976
2021-01-01;Ростовская область;0.2920549381;0.30319771062
2021-01-01;Рязанская область;0.4235222425;0.3355089597875
2021-01-01;Самарская область;0.3061783242;0.1984707443
2021-01-01;Саратовская область;0.2370258539;0.237913675085714
2021-01-01;Сахалинская область;0.3941261784;0.460884042
2021-01-01;Свердловская область;0.1916717478;0.18541428835
2021-01-01;Смоленская область;0.2483967507;0.30008523496
2021-01-01;Тамбовская область;0.3056639311;0.2920527309
2021-01-01;Тверская область;0.3399201791;0.30166210835
2021-01-01;Томская область;0.2683855338;0.193326794114286
2021-01-01;Тульская область;0.3245207038;0.36737646934
2021-01-01;Тюменская область;0.1957310876;0.224918174385714
2021-01-01;Тюменская область;0.1957310876;0.224918174385714
2021-01-01;Ульяновская область;0.1826911389;0.312287049683333
2021-01-01;Челябинская область;0.1740986717;0.1910261663
2021-01-01;Ярославская область;0.3206577595;0.289265168028571
2021-01-01;г.Москва;0.428583913;0.3211651825
2021-01-01;г.Санкт-Петербург;0.462741652;0.421507484
2021-01-01;Еврейская автономная область;0.1111111111;0.3828023227
2021-01-01;Ханты-Мансийский авт.округ-Югра;0.2414649286;0.20695083566
2021-01-01;Чукотский авт.округ;0.2;0.322456855966667
2021-01-01;Ямало-Hенецкий авт.округ;0.1843137255;0.244195109725
2021-01-01;Ленинградская область;0.421507484;0.35405092806
2021-02-01;Республика Адыгея;0.2867163525;0.1949116457
2021-02-01;Республика Алтай;0.008111239861;0.0550793948073333
2021-02-01;Республика Башкортостан;0.1225585438;0.092132250265
2021-02-01;Республика Бурятия;0.1154643927;0.131083242085
2021-02-01;Республика Дагестан;0.1223622716;0.172731901433333
2021-02-01;Республика Ингушетия;0.4009661836;0.2134502929
2021-02-01;Кабардино-Балкарская Республика;0.2165898618;0.258351327133333
2021-02-01;Республика Калмыкия;0.2464454976;0.15673645028
2021-02-01;Карачаево-Черкесская Республика;0.3286908078;0.1862258964
2021-02-01;Республика Карелия;0.4492753623;0.24883898745
2021-02-01;Республика Коми;0.04754829123;0.17642922685625
2021-02-01;Республика Марий Эл;0.1167061611;0.157413792883333
2021-02-01;Республика Мордовия;0.2204159694;0.165897323525
2021-02-01;Республика Саха (Якутия);0.2095968011;0.115774448038571
2021-02-01;Республика Северная Осетия- Алания;0.2991869919;0.222326563025
2021-02-01;Республика Татарстан(Татарстан);0.09611997955;0.139779136771429
2021-02-01;Республика Тыва;-0.1448598131;0.0642109535206
2021-02-01;Удмуртская Республика;0.1233296214;0.1120342384225
2021-02-01;Республика Хакасия;-0.002484913028;-0.00480737712225001
2021-02-01;Чеченская Республика;0.124574025;0.2424229072
2021-02-01;Чувашская Республика(Чувашия);;0.14232015279
2021-02-01;Алтайский край;0.153114779;0.0386470146336667
2021-02-01;Забайкальский край;0.1651131824;0.1366118089425
2021-02-01;Камчатский край;0.1397849462;0.0892539095466667
2021-02-01;Краснодарский край;0.1949116457;0.2393280875
2021-02-01;Красноярский край;0.1029107463;0.046291798232
2021-02-01;Пермский край;0.02610386004;0.117036082648
2021-02-01;Приморский край;0.1662327644;0.142439737
2021-02-01;Ставропольский край;0.1471761817;0.215936263675
2021-02-01;Хабаровский край;0.142439737;0.154327563626
2021-02-01;Амурская область;0.1243327402;0.1257277368075
2021-02-01;Архангельская область;0.2877649808;0.17047887796625
2021-02-01;Астраханская область;0.1378273937;0.214016447
2021-02-01;Белгородская область;0.1774350255;0.29067657185
2021-02-01;Брянская область;0.237537052;0.26843142175
2021-02-01;Владимирская область;0.1495261495;0.17059884876
2021-02-01;Волгоградская область;0.1815873964;0.2081228772
2021-02-01;Вологодская область;0.1307782329;0.210115825771429
2021-02-01;Воронежская область;0.1365294804;0.248745515314286
2021-02-01;Ивановская область;0.1098203222;0.18920770578
2021-02-01;Иркутская область;0.09705330177;0.13401196435
2021-02-01;Калужская область;0.1914786123;0.226274507116667
2021-02-01;Кемеровская область;0.01460831845;0.0954716501502
2021-02-01;Кировская область;0.2033545703;0.123885167057778
2021-02-01;Костромская область;0.1138485477;0.16652151042
2021-02-01;Курганская область;0.1358911359;0.127343538575
2021-02-01;Курская область;0.4448236633;0.21990613018
2021-02-01;Липецкая область;0.2912779505;0.224094046466667
2021-02-01;Магаданская область;0.2857142857;0.0961696568
2021-02-01;Московская область;0.1815096169;0.2033751511875
2021-02-01;Мурманская область;0.3231118683;0.2877649808
2021-02-01;Hижегородская область;0.1727668288;0.155240228314286
2021-02-01;Новгородская область;0.1810044754;0.1955286042
2021-02-01;Новосибирская область;0.09322148559;0.0977721205125
2021-02-01;Омская область;0.1033653846;0.1439787262475
2021-02-01;Оренбургская область;0.1605593057;0.176576094896667
2021-02-01;Орловская область;0.2567511425;0.2744569671
2021-02-01;Пензенская область;0.2122207622;0.1900766472
2021-02-01;Псковская область;0.1823855756;0.1677477184922
2021-02-01;Ростовская область;0.194729008;0.18133004036
2021-02-01;Рязанская область;0.173009878;0.1951459239875
2021-02-01;Самарская область;0.14635393;0.1718385291625
2021-02-01;Саратовская область;0.3250830063;0.152732179571429
2021-02-01;Сахалинская область;0.08919030004;0.1411123416
2021-02-01;Свердловская область;0.08838938651;0.1253475376575
2021-02-01;Смоленская область;0.1806722689;0.20163211946
2021-02-01;Тамбовская область;0.1262825572;0.22762421548
2021-02-01;Тверская область;0.2152497405;0.1787062946
2021-02-01;Томская область;0.12;0.132356150977143
2021-02-01;Тульская область;0.2071675574;0.21880544004
2021-02-01;Тюменская область;0.1813467097;0.126552846477143
2021-02-01;Тюменская область;0.1813467097;0.126552846477143
2021-02-01;Ульяновская область;0.1055918251;0.20003872949
2021-02-01;Челябинская область;0.05829134839;0.1268495929775
2021-02-01;Ярославская область;0.2158875979;0.170677430671429
2021-02-01;г.Москва;0.294009405;0.1864941146
2021-02-01;г.Санкт-Петербург;0.2459423717;0.2537008678
2021-02-01;Еврейская автономная область;-0.01423877327;0.1333862386
2021-02-01;Ханты-Мансийский авт.округ-Югра;0.2496937025;0.110456463868
2021-02-01;Чукотский авт.округ;-0.1071428571;0.211698677666667
2021-02-01;Ямало-Hенецкий авт.округ;0.1934338953;0.1719794302075
2021-02-01;Ленинградская область;0.2537008678;0.23787720358
2021-03-01;Республика Адыгея;0.1257253385;
2021-03-01;Республика Алтай;0.1658031088;0.09574573452
2021-03-01;Республика Башкортостан;0.1588404737;0.141865536133333
2021-03-01;Республика Бурятия;0.2345030469;0.1444905931
2021-03-01;Республика Дагестан;0.2145063999;0.193529509076667
2021-03-01;Республика Ингушетия;0.4794303797;0.176101120376667
2021-03-01;Кабардино-Балкарская Республика;0.3124614436;0.141858705423333
2021-03-01;Республика Калмыкия;0.2881915772;0.19663244732
2021-03-01;Карачаево-Черкесская Республика;0.08592514497;0.26028222275
2021-03-01;Республика Карелия;0.2739726027;0.2099298441
2021-03-01;Республика Коми;0.19251578;0.20360001002125
2021-03-01;Республика Марий Эл;0.2117552335;0.1956980809
2021-03-01;Республика Мордовия;0.1853176273;0.18948049866
2021-03-01;Республика Саха (Якутия);0.2032325651;0.117776326848571
2021-03-01;Республика Северная Осетия- Алания;0.1315479694;0.2710721933325
2021-03-01;Республика Татарстан(Татарстан);0.1353826719;0.1964135930875
2021-03-01;Республика Тыва;-0.0375399361;0.151019398162
2021-03-01;Удмуртская Республика;0.1418059366;0.178774125775
2021-03-01;Республика Хакасия;0.06605624591;0.0897525929625
2021-03-01;Чеченская Республика;0.08429394813;0.258396937725
2021-03-01;Чувашская Республика(Чувашия);0.1402329749;0.1973538248
2021-03-01;Алтайский край;0.1653442902;0.12575509945
2021-03-01;Забайкальский край;0.1751571287;0.1787849791
2021-03-01;Камчатский край;0.2108355091;0.0550289281733333
2021-03-01;Краснодарский край;;0.1678150891675
2021-03-01;Красноярский край;0.1749105317;0.0765813524883333
2021-03-01;Пермский край;0.128314239;0.19344590318
2021-03-01;Приморский край;0.09972560453;0.1062706271
2021-03-01;Ставропольский край;0.2081030019;0.195490479214286
2021-03-01;Хабаровский край;0.1062706271;0.061255436194
2021-03-01;Амурская область;0.1635802469;0.09331056825
2021-03-01;Архангельская область;0.2584335582;0.18324282087125
2021-03-01;Астраханская область;0.1816965992;0.20777047075
2021-03-01;Белгородская область;0.2116614284;0.24384784525
2021-03-01;Брянская область;0.2039944731;0.244941994225
2021-03-01;Владимирская область;0.1315417256;0.18280536276
2021-03-01;Волгоградская область;0.1273493643;0.23746345952
2021-03-01;Вологодская область;0.1131866611;0.237779934285714
2021-03-01;Воронежская область;0.2047035442;0.235711123771429
2021-03-01;Ивановская область;0.1136034732;0.2078026119
2021-03-01;Иркутская область;0.1138240575;0.1750338302
2021-03-01;Калужская область;0.1653032875;0.222354659233333
2021-03-01;Кемеровская область;0.05583666745;0.17421394688
2021-03-01;Кировская область;0.2925591185;0.178852914988889
2021-03-01;Костромская область;0.2136645963;0.19007949504
2021-03-01;Курганская область;0.1873327386;0.181711309425
2021-03-01;Курская область;0.2829921463;0.2551569263
2021-03-01;Липецкая область;0.3281779948;0.22196960545
2021-03-01;Магаданская область;-0.04884318766;0.16496839625
2021-03-01;Московская область;0.1877370733;0.1904459448
2021-03-01;Мурманская область;0.2158015853;0.2584335582
2021-03-01;Hижегородская область;0.2146175583;0.183789099275
2021-03-01;Новгородская область;0.2175694128;0.16538148806
2021-03-01;Новосибирская область;0.1556255221;0.1582718524125
2021-03-01;Омская область;0.2025201704;0.197513973875
2021-03-01;Оренбургская область;0.1438892234;0.208013798533333
2021-03-01;Орловская область;0.327247191;0.22572665048
2021-03-01;Пензенская область;0.1712178822;0.2109883533
2021-03-01;Псковская область;0.08253710104;0.21068001276
2021-03-01;Ростовская область;0.2515068713;0.2070868719
2021-03-01;Рязанская область;0.1816380449;0.194230820975
2021-03-01;Самарская область;0.2425297511;0.1950466585
2021-03-01;Саратовская область;0.2612187057;0.188065307685714
2021-03-01;Сахалинская область;0.07439508848;0.1585530681
2021-03-01;Свердловская область;0.1815082071;0.1879195411125
2021-03-01;Смоленская область;0.2042253521;0.170615310648
2021-03-01;Тамбовская область;0.1870713556;0.22939123436
2021-03-01;Тверская область;0.2135046183;0.170281044073333
2021-03-01;Томская область;0.2093862816;0.18642186435
2021-03-01;Тульская область;0.1481653507;0.2380207183
2021-03-01;Тюменская область;0.2125220459;0.200943895371429
2021-03-01;Тюменская область;0.2125220459;0.200943895371429
2021-03-01;Ульяновская область;0.239696033;0.189316602183333
2021-03-01;Челябинская область;0.1202929388;0.1678926607
2021-03-01;Ярославская область;0.2164306641;0.176570951857143
2021-03-01;г.Москва;0.2627585152;0.1765201804
2021-03-01;г.Санкт-Петербург;0.2160416359;0.2522975718
2021-03-01;Еврейская автономная область;-0.1114180479;0.134925437
2021-03-01;Ханты-Мансийский авт.округ-Югра;0.291016067;0.162049119794
2021-03-01;Чукотский авт.округ;0.1395348837;0.121741628846667
2021-03-01;Ямало-Hенецкий авт.округ;0.05192479857;0.229218984225
2021-03-01;Ленинградская область;0.2522975718;0.180661482708
2020-04-01;Республика Адыгея;-0.1172566372;-0.02661596958
2020-04-01;Республика Алтай;0.1204013378;-0.0691817696466667
2020-04-01;Республика Башкортостан;-0.03624343586;-0.052737882945
2020-04-01;Республика Бурятия;-0.05026035771;-0.046575167725
2020-04-01;Республика Дагестан;-0.04590113601;-0.0224663311733333
2020-04-01;Республика Ингушетия;0.130239521;0.07831480265
2020-04-01;Кабардино-Балкарская Республика;0.06150483921;0.0138879183466667
2020-04-01;Республика Калмыкия;-0.09584086799;-0.03544122557134
2020-04-01;Карачаево-Черкесская Республика;0.08813928183;-0.0202825803
2020-04-01;Республика Карелия;-0.07476139979;-0.00241544204
2020-04-01;Республика Коми;-0.04263466939;-0.0127203625625
2020-04-01;Республика Марий Эл;-0.1238630284;-0.0423225325315
2020-04-01;Республика Мордовия;-0.1140152295;-0.0517908242728
2020-04-01;Республика Саха (Якутия);-0.06220397853;-0.031606070217
2020-04-01;Республика Северная Осетия- Алания;0.04926108374;0.05504655867
2020-04-01;Республика Татарстан(Татарстан);-0.06280167328;-0.058056348322
2020-04-01;Республика Тыва;-0.08450704225;-0.024223179444
2020-04-01;Удмуртская Республика;-0.02657195475;-0.0510826826075
2020-04-01;Республика Хакасия;-0.11095796;-0.017895640345
2020-04-01;Чеченская Республика;0.124178485;0.00946571455
2020-04-01;Чувашская Республика(Чувашия);-0.005896583006;-0.093792485526
2020-04-01;Алтайский край;-0.05039883974;0.0217972912606667
2020-04-01;Забайкальский край;-0.07413976587;-0.0249277487575
2020-04-01;Камчатский край;-0.08528198074;-0.0721964408663333
2020-04-01;Краснодарский край;-0.02661596958;-0.0505650446925
2020-04-01;Красноярский край;-0.06128834773;-0.0270369039683333
2020-04-01;Пермский край;-0.0562097768;-0.042055439966
2020-04-01;Приморский край;-0.04233204195;0.02569593148
2020-04-01;Ставропольский край;-0.09573661053;0.00966493791625
2020-04-01;Хабаровский край;0.02569593148;-0.046675203226
2020-04-01;Амурская область;0.03176391079;-0.035424265865
2020-04-01;Архангельская область;-0.06454183267;-0.005610722715
2020-04-01;Астраханская область;0.04219574136;-0.04809938889835
2020-04-01;Белгородская область;-0.0287402022;-0.039460313695
2020-04-01;Брянская область;-0.01565283787;-0.092244153905
2020-04-01;Владимирская область;-0.03628601921;-0.020286543432
2020-04-01;Волгоградская область;-0.0003579098067;-0.051778723512
2020-04-01;Вологодская область;-0.04205936137;-0.0305603139571429
2020-04-01;Воронежская область;-0.02759343346;-0.0439235452595286
2020-04-01;Ивановская область;-0.05434782609;0.020598767904
2020-04-01;Иркутская область;-0.01901056958;-0.0677140568
2020-04-01;Калужская область;-0.06491865424;-0.0184007412866667
2020-04-01;Кемеровская область;-0.0461885092;0.0072025813104
2020-04-01;Кировская область;-0.04907584449;-0.04629530431
2020-04-01;Костромская область;0.05354058722;-0.046671167148
2020-04-01;Курганская область;-0.05662083936;-0.0226224787425
2020-04-01;Курская область;-0.05132719393;-0.042895074176
2020-04-01;Липецкая область;0.01815367295;-0.0864970998383333
2020-04-01;Магаданская область;-0.1295546559;-0.02912475562475
2020-04-01;Московская область;0.118518135;-0.03812147989
2020-04-01;Мурманская область;0.0668836934;-0.06454183267
2020-04-01;Hижегородская область;-0.05151602935;-0.0509592707195
2020-04-01;Новгородская область;-0.1104910714;-0.030773126745
2020-04-01;Новосибирская область;-0.008820954818;-0.0378978348775
2020-04-01;Омская область;-0.09112370161;0.0120661394755
2020-04-01;Оренбургская область;-0.05938817619;-0.06753285423
2020-04-01;Орловская область;-0.1606425703;-0.049579213158
2020-04-01;Пензенская область;-0.007044819628;-0.095259777968
2020-04-01;Псковская область;-0.07403588369;-0.017835038534
2020-04-01;Ростовская область;-0.07740621287;-0.04922895827334
2020-04-01;Рязанская область;-0.07773022228;-0.03423493359975
2020-04-01;Самарская область;-0.04664529678;-0.0848012902925
2020-04-01;Саратовская область;-0.1002488446;-0.0464763184749572
2020-04-01;Сахалинская область;-0.09232567199;-0.02979302463
2020-04-01;Свердловская область;-0.05575129534;-0.0232400300125
2020-04-01;Смоленская область;-0.09208819715;-0.01462844704
2020-04-01;Тамбовская область;-0.06753812636;-0.0388927294036
2020-04-01;Тверская область;-0.0370529944;-0.0394188588416667
2020-04-01;Томская область;0.03611971104;-0.0208469443911429
2020-04-01;Тульская область;-0.1341510527;-0.033323927774
2020-04-01;Тюменская область;0.01048290084;-0.0479772821514286
2020-04-01;Тюменская область;0.01048290084;-0.0479772821514286
2020-04-01;Ульяновская область;-0.1167664671;-0.0561087411323333
2020-04-01;Челябинская область;-0.05570442131;-0.0520009366875
2020-04-01;Ярославская область;-0.03635677444;0.0251320852071429
2020-04-01;г.Москва;0.1736120753;0.02679974038
2020-04-01;г.Санкт-Петербург;0.03812477914;0.03005573248
2020-04-01;Еврейская автономная область;-0.03104925054;0.028729921135
2020-04-01;Ханты-Мансийский авт.округ-Югра;0.04052710094;-0.012246331048
2020-04-01;Чукотский авт.округ;0.005291005291;-0.0923468717233333
2020-04-01;Ямало-Hенецкий авт.округ;0.06232294618;-0.0319844372125
2020-04-01;Ленинградская область;0.03005573248;-0.052644587422
2020-05-01;Республика Адыгея;0.0755239225;0.1807850543
2020-05-01;Республика Алтай;-0.08033826638;-0.114866534986667
2020-05-01;Республика Башкортостан;0.02973444987;-0.0670106005963
2020-05-01;Республика Бурятия;-0.118740433;-0.0928002125
2020-05-01;Республика Дагестан;0.5955618065;0.109848379546667
2020-05-01;Республика Ингушетия;0.5885022693;0.377490106533333
2020-05-01;Кабардино-Балкарская Республика;0.2403100775;0.17147422018
2020-05-01;Республика Калмыкия;-0.08536585366;0.12674531609
2020-05-01;Карачаево-Черкесская Республика;0.01024473534;0.1448531565
2020-05-01;Республика Карелия;-0.05141388175;0.0230403804925
2020-05-01;Республика Коми;0.01733576642;-0.004735720803125
2020-05-01;Республика Марий Эл;-0.09821428571;0.0069326255628
2020-05-01;Республика Мордовия;0.3332632906;0.0684265623648
2020-05-01;Республика Саха (Якутия);0.07174103237;-0.0396098504085714
2020-05-01;Республика Северная Осетия- Алания;0.4907135875;0.310930834775
2020-05-01;Республика Татарстан(Татарстан);0.0009173376822;-0.027944273954375
2020-05-01;Республика Тыва;0.07730263158;-0.060264583542
2020-05-01;Удмуртская Республика;-0.1088318388;-0.0131437528582
2020-05-01;Республика Хакасия;-0.1504365346;-0.00349244726
2020-05-01;Чеченская Республика;0.4014466546;0.42206050025
2020-05-01;Чувашская Республика(Чувашия);0.04333524027;0.03355298624524
2020-05-01;Алтайский край;-0.09594985535;-0.0428219737666667
2020-05-01;Забайкальский край;-0.1465136805;-0.0394985776525
2020-05-01;Камчатский край;-0.120185923;-0.0544575566266667
2020-05-01;Краснодарский край;0.1807850543;0.0400152099325
2020-05-01;Красноярский край;0.08727906077;-0.02413900189
2020-05-01;Пермский край;-0.07614311547;-0.034577166005
2020-05-01;Приморский край;0.1157213204;-0.04961470867
2020-05-01;Ставропольский край;0.0134643377;0.23681548828375
2020-05-01;Хабаровский край;-0.04961470867;0.005995669542
2020-05-01;Амурская область;-0.07190816548;-0.013601910195
2020-05-01;Архангельская область;0.01813747904;0.003554118130625
2020-05-01;Астраханская область;-0.08913213448;-0.01618056356
2020-05-01;Белгородская область;0.1068287917;-0.03169913733
2020-05-01;Брянская область;0.08363417569;0.1048364357775
2020-05-01;Владимирская область;0.05636721583;0.1272729311028
2020-05-01;Волгоградская область;0.05300472654;-0.004000112616
2020-05-01;Вологодская область;-0.1294551413;0.0270445732178571
2020-05-01;Воронежская область;-0.09820044483;0.0596214255494286
2020-05-01;Ивановская область;-0.03426791277;0.1289028962928
2020-05-01;Иркутская область;-0.0390867445;-0.029617309865
2020-05-01;Калужская область;0.1729931549;0.238238093571667
2020-05-01;Кемеровская область;-0.09821321501;-0.020813139836
2020-05-01;Кировская область;-0.007083683515;-0.0508730154193111
2020-05-01;Костромская область;-0.07216494845;-0.0190402283002
2020-05-01;Курганская область;-0.2164948454;-0.04737896794
2020-05-01;Курская область;0.03480217017;0.0364385093892
2020-05-01;Липецкая область;0.004855678446;0.04992341138
2020-05-01;Магаданская область;-0.1555555556;1.78104550000013e-05
2020-05-01;Московская область;0.4159303335;0.165197054175
2020-05-01;Мурманская область;-0.04223836427;0.01813747904
2020-05-01;Hижегородская область;-0.009438392186;0.050041444369375
2020-05-01;Новгородская область;-0.06362410072;0.0106758355125
2020-05-01;Новосибирская область;0.05008556009;-0.0695895058075
2020-05-01;Омская область;-0.01905275456;-0.010800845195
2020-05-01;Оренбургская область;-0.05663685779;0.0558157412333333
2020-05-01;Орловская область;0.08507434594;0.0859784390812
2020-05-01;Пензенская область;0.1879023442;0.122125535588
2020-05-01;Псковская область;-0.05684479455;0.04230339658
2020-05-01;Ростовская область;0.06082784419;0.01273756401
2020-05-01;Рязанская область;0.1790966387;0.13595602858625
2020-05-01;Самарская область;0.0329058032;0.01934687160805
2020-05-01;Саратовская область;0.1918700257;0.00362475632285714
2020-05-01;Сахалинская область;-0.1059479554;-0.084900315835
2020-05-01;Свердловская область;-0.104040524;-0.03779929022
2020-05-01;Смоленская область;0.1264760721;0.119799719788
2020-05-01;Тамбовская область;-0.0348392579;0.0931048484432
2020-05-01;Тверская область;-0.0167142706;0.06292105955
2020-05-01;Томская область;-0.06514219831;0.00294295418714286
2020-05-01;Тульская область;0.1336070162;0.1715900302972
2020-05-01;Тюменская область;-0.01407337128;-0.04028257372
2020-05-01;Тюменская область;-0.01407337128;-0.04028257372
2020-05-01;Ульяновская область;-0.05876301916;0.131699006942033
2020-05-01;Челябинская область;-0.0573286052;-0.08685944433
2020-05-01;Ярославская область;0.08504398827;0.114914556315714
2020-05-01;г.Москва;0.584706618;0.2944617442
2020-05-01;г.Санкт-Петербург;0.4303492573;0.2457175485
2020-05-01;Еврейская автономная область;0.06997971602;-0.060761437075
2020-05-01;Ханты-Мансийский авт.округ-Югра;0.02864877058;0.013234830876
2020-05-01;Чукотский авт.округ;0.09813084112;-0.0680001487433333
2020-05-01;Ямало-Hенецкий авт.округ;0.1307420495;0.0378502692025
2020-05-01;Ленинградская область;0.2457175485;0.025802267796
2020-06-01;Республика Адыгея;-0.08908685969;-0.191192228
2020-06-01;Республика Алтай;0.08996539792;-0.0218029755433333
2020-06-01;Республика Башкортостан;-0.03047868362;0.0328724971198333
2020-06-01;Республика Бурятия;-0.05271457535;0.052641326635
2020-06-01;Республика Дагестан;-0.03878583474;0.166762789866667
2020-06-01;Республика Ингушетия;0.393442623;-0.06744847259
2020-06-01;Кабардино-Балкарская Республика;-0.06782734857;-0.104025007166667
2020-06-01;Республика Калмыкия;0.2112676056;0.003159293484
2020-06-01;Карачаево-Черкесская Республика;-0.1592128801;-0.04122707689
2020-06-01;Республика Карелия;-0.01788133297;0.086921342685
2020-06-01;Республика Коми;-0.1623868917;0.107357660461125
2020-06-01;Республика Марий Эл;0.0746027471;0.158636100225
2020-06-01;Республика Мордовия;0.09081081081;0.172788978902
2020-06-01;Республика Саха (Якутия);-0.2177394518;0.0473840059185714
2020-06-01;Республика Северная Осетия- Алания;-0.2882004873;0.1536590096075
2020-06-01;Республика Татарстан(Татарстан);0.2512007685;0.0459875461225
2020-06-01;Республика Тыва;-0.1105769231;-0.009056812622
2020-06-01;Удмуртская Республика;-0.04318593225;0.02401924517725
2020-06-01;Республика Хакасия;0.02788702181;-0.045040649245
2020-06-01;Чеченская Республика;0.1536824181;0.050448661715
2020-06-01;Чувашская Республика(Чувашия);0.3543071161;0.133933810482
2020-06-01;Алтайский край;-0.07708348314;0.0957435945733333
2020-06-01;Забайкальский край;0.07236595426;-0.053836248645
2020-06-01;Камчатский край;0.3906359189;0.0628616839766667
2020-06-01;Краснодарский край;-0.191192228;-0.0368238100775
2020-06-01;Красноярский край;-0.1433386065;0.05468391092
2020-06-01;Пермский край;-0.001089102171;-0.05383000947
2020-06-01;Приморский край;-0.1225296443;0.1136591658
2020-06-01;Ставропольский край;0.1353383459;-0.05182532517875
2020-06-01;Хабаровский край;0.1136591658;-0.072404205668
2020-06-01;Амурская область;0.02219233356;-0.05026513171
2020-06-01;Архангельская область;0.05478791774;0.0262816381375
2020-06-01;Астраханская область;-0.0157883945;0.09031690139
2020-06-01;Белгородская область;-0.04946432642;0.1703839006
2020-06-01;Брянская область;0.08719052745;0.1019997777
2020-06-01;Владимирская область;0.2118902439;0.112767377688
2020-06-01;Волгоградская область;-0.03063380282;0.031677032656
2020-06-01;Вологодская область;0.0489461027;0.103758162405714
2020-06-01;Воронежская область;0.1103288038;0.05012708162
2020-06-01;Ивановская область;0.06566283763;0.17511673944
2020-06-01;Иркутская область;0.03291669901;-0.03548632612
2020-06-01;Калужская область;0.228820397;0.149049048941667
2020-06-01;Кемеровская область;-0.0162124653;0.018867034576
2020-06-01;Кировская область;-0.123556002;0.0432883636132222
2020-06-01;Костромская область;0.0141271443;0.052789802946
2020-06-01;Курганская область;-0.06512221817;0.0756962007325
2020-06-01;Курская область;0.2304389974;0.041058283346
2020-06-01;Липецкая область;0.2104296213;0.086864590085
2020-06-01;Магаданская область;0.1254019293;0.098761549725
2020-06-01;Московская область;0.2554503882;0.17991610915125
2020-06-01;Мурманская область;-0.0598540146;0.05478791774
2020-06-01;Hижегородская область;0.1525925183;0.08220906050625
2020-06-01;Новгородская область;0.1531986532;0.15891113638
2020-06-01;Новосибирская область;0.2134778511;-0.0226351125455
2020-06-01;Омская область;-0.008558515242;0.12311481555
2020-06-01;Оренбургская область;-0.04480815669;-0.02929066315
2020-06-01;Орловская область;-0.1531932094;0.19662459443
2020-06-01;Пензенская область;0.2867554662;0.037110706604
2020-06-01;Псковская область;0.07925257732;0.170508568484
2020-06-01;Ростовская область;-0.03433384642;0.047021744896
2020-06-01;Рязанская область;-0.03017241379;0.19646430140125
2020-06-01;Самарская область;0.08055707264;0.0484414535775
2020-06-01;Саратовская область;-0.1130890052;0.0914576463328571
2020-06-01;Сахалинская область;-0.04530744337;0.25214754235
2020-06-01;Свердловская область;0.09045746222;0.017633616968625
2020-06-01;Смоленская область;0.1019329258;0.170870878114
2020-06-01;Тамбовская область;0.1375419335;0.092850494462
2020-06-01;Тверская область;0.2036405006;0.12651403422
2020-06-01;Томская область;0.0113140135;0.071550593194
2020-06-01;Тульская область;0.226243429;0.102266956662
2020-06-01;Тюменская область;0.1338336988;-0.0318352625931429
2020-06-01;Тюменская область;0.1338336988;-0.0318352625931429
2020-06-01;Ульяновская область;0.1004622077;0.158423704841667
2020-06-01;Челябинская область;-0.05534005689;-0.012487899065
2020-06-01;Ярославская область;0.1203035581;0.16805534999
2020-06-01;г.Москва;0.3766702326;0.2421353926
2020-06-01;г.Санкт-Петербург;0.3375982606;0.3038053649
2020-06-01;Еврейская автономная область;-0.1693461951;0.06792574968
2020-06-01;Ханты-Мансийский авт.округ-Югра;0.1878184907;0.035764219424
2020-06-01;Чукотский авт.округ;0.108490566;0.0994327988
2020-06-01;Ямало-Hенецкий авт.округ;0.3827751196;-0.01577977244
2020-06-01;Ленинградская область;0.3038053649;0.12022285217
2020-07-01;Республика Адыгея;-0.007321274763;0.2158747982
2020-07-01;Республика Алтай;0.08138238573;0.0927520631766667
2020-07-01;Республика Башкортостан;0.4764097209;0.379927895066667
2020-07-01;Республика Бурятия;0.1048903108;0.1255523446
2020-07-01;Республика Дагестан;0.767384106;0.3813655351
2020-07-01;Республика Ингушетия;0.7810760668;0.551719218333333
2020-07-01;Кабардино-Балкарская Республика;0.3341968912;0.4588880194
2020-07-01;Республика Калмыкия;0.1931330472;0.31207611218
2020-07-01;Карачаево-Черкесская Республика;0.7084726867;0.233056257433333
2020-07-01;Республика Карелия;0.007853403141;0.13637876918615
2020-07-01;Республика Коми;0.07809847199;0.31560790265125
2020-07-01;Республика Марий Эл;0.1907356948;0.3072341874925
2020-07-01;Республика Мордовия;0.2040399455;0.2682574705
2020-07-01;Республика Саха (Якутия);0.2430340557;0.136925751258571
2020-07-01;Республика Северная Осетия- Алания;0.5190942886;0.516559129025
2020-07-01;Республика Татарстан(Татарстан);0.509063778;0.30501093659625
2020-07-01;Республика Тыва;0.2039877301;0.12978165477
2020-07-01;Удмуртская Республика;0.1981082501;0.3396083145175
2020-07-01;Республика Хакасия;0.07608695652;0.1555030917825
2020-07-01;Чеченская Республика;0.8018664752;0.554162886075
2020-07-01;Чувашская Республика(Чувашия);0.4514116363;0.27416922354
2020-07-01;Алтайский край;0.09138187221;0.14315805531
2020-07-01;Забайкальский край;0.0904109589;0.171157204575
2020-07-01;Камчатский край;0.3035714286;0.0884825783033333
2020-07-01;Краснодарский край;0.2158747982;0.24203932058425
2020-07-01;Красноярский край;0.2258548905;0.19599381402
2020-07-01;Пермский край;0.2771418661;0.262119637692
2020-07-01;Приморский край;0.05844279459;0.1672857339
2020-07-01;Ставропольский край;0.1490970829;0.457241385075
2020-07-01;Хабаровский край;0.1672857339;0.107389198814
2020-07-01;Амурская область;0.1760107215;0.1461889111925
2020-07-01;Архангельская область;0.08654152084;0.238458361645575
2020-07-01;Астраханская область;0.2759905845;0.2215665236
2020-07-01;Белгородская область;0.09022988506;0.090641354675
2020-07-01;Брянская область;0.1005452853;0.140281707975
2020-07-01;Владимирская область;0.08923450254;0.110110939626
2020-07-01;Волгоградская область;0.25;0.17671008857
2020-07-01;Вологодская область;0.0007183908046;0.0695297974014286
2020-07-01;Воронежская область;0.06459246885;0.14139222353
2020-07-01;Ивановская область;0.0597826087;0.084800161484
2020-07-01;Иркутская область;0.1606937303;0.1581329247
2020-07-01;Калужская область;0.08201581028;0.13220551907
2020-07-01;Кемеровская область;0.1107873608;0.162085402668
2020-07-01;Кировская область;0.09581789307;0.167122223176067
2020-07-01;Костромская область;-0.00895140665;0.07635234460092
2020-07-01;Курганская область;0.3252325802;0.422300561425
2020-07-01;Курская область;0.1166902405;0.132071018252
2020-07-01;Липецкая область;0.07687877915;0.146772383941667
2020-07-01;Магаданская область;-0.02456647399;0.219170478975
2020-07-01;Московская область;0.1060954111;0.092114859705
2020-07-01;Мурманская область;0.2814579115;0.08654152084
2020-07-01;Hижегородская область;0.1726434426;0.15516309027
2020-07-01;Новгородская область;-0.01144765085;0.08070861311365
2020-07-01;Новосибирская область;0.2373044194;0.1810937973025
2020-07-01;Омская область;0.3477025107;0.296905884825
2020-07-01;Оренбургская область;0.3818669049;0.3448408032
2020-07-01;Орловская область;0.3281086729;0.096405374206
2020-07-01;Пензенская область;0.2636351689;0.19913498454
2020-07-01;Псковская область;0.05016722408;0.075239136134
2020-07-01;Ростовская область;0.1179087875;0.17453947943
2020-07-01;Рязанская область;0.1592338479;0.14056704041125
2020-07-01;Самарская область;0.3513741359;0.354304873625
2020-07-01;Саратовская область;0.2319255548;0.244563464721429
2020-07-01;Сахалинская область;0.1272235112;0.23542858125
2020-07-01;Свердловская область;0.4621638524;0.34517497324875
2020-07-01;Смоленская область;0.03431210822;0.086795062946
2020-07-01;Тамбовская область;0.1061123177;0.15925316392
2020-07-01;Тверская область;0.09515158397;0.0387741451974333
2020-07-01;Томская область;0.1745034455;0.296420515614286
2020-07-01;Тульская область;0.1058967558;0.150466504266
2020-07-01;Тюменская область;0.3879078372;0.242871038875714
2020-07-01;Тюменская область;0.3879078372;0.242871038875714
2020-07-01;Ульяновская область;0.2943632568;0.335241703233333
2020-07-01;Челябинская область;0.4512227189;0.4114182646
2020-07-01;Ярославская область;0.05279938783;0.0657579959378
2020-07-01;г.Москва;0.1182748811;0.09405561069
2020-07-01;г.Санкт-Петербург;0.2082192917;0.1767972536
2020-07-01;Еврейская автономная область;0.08402489627;0.1716482277
2020-07-01;Ханты-Мансийский авт.округ-Югра;0.3774787535;0.278104864258
2020-07-01;Чукотский авт.округ;0.1627906977;0.174013003436667
2020-07-01;Ямало-Hенецкий авт.округ;0.4499036609;0.1919934092075
2020-07-01;Ленинградская область;0.1767972536;0.05110213177512
2020-08-01;Республика Адыгея;-0.07100340136;0.06835381518
2020-08-01;Республика Алтай;0.03613177471;-0.00181399502333333
2020-08-01;Республика Башкортостан;0.07959872492;0.0438052950733333
2020-08-01;Республика Бурятия;-0.03772306302;0.030358965202
2020-08-01;Республика Дагестан;0.5121483376;-0.110640956045
2020-08-01;Республика Ингушетия;0.6347826087;0.1317848089
2020-08-01;Кабардино-Балкарская Республика;0.1444484369;0.08742666407
2020-08-01;Республика Калмыкия;-0.2007266122;0.125472080006
2020-08-01;Карачаево-Черкесская Республика;0.1637141112;0.0640823173966667
2020-08-01;Республика Карелия;-0.009731720147;0.0183909210095
2020-08-01;Республика Коми;-0.02658045977;0.0456724615323625
2020-08-01;Республика Марий Эл;0.1707317073;0.056319354872225
2020-08-01;Республика Мордовия;0.1111111111;0.017690738282
2020-08-01;Республика Саха (Якутия);0.1271850512;0.0190317728877143
2020-08-01;Республика Северная Осетия- Алания;0.1191211809;0.252891915236667
2020-08-01;Республика Татарстан(Татарстан);0.1642673381;0.0506000448448625
2020-08-01;Республика Тыва;0.04947526237;0.0363853362068
2020-08-01;Удмуртская Республика;0.04991506599;0.048291272844725
2020-08-01;Республика Хакасия;0.06847253574;0.0366967097175
2020-08-01;Чеченская Республика;;0.3113742068275
2020-08-01;Чувашская Республика(Чувашия);0.02512406948;0.091813797496
2020-08-01;Алтайский край;-0.0294313392;0.0359289477333333
2020-08-01;Забайкальский край;0.0513354802;0.0419749918935
2020-08-01;Камчатский край;-0.06228842248;-0.0444800532004
2020-08-01;Краснодарский край;0.06835381518;0.0228488210675
2020-08-01;Красноярский край;0.1056629834;0.036156425414
2020-08-01;Пермский край;-0.05123601712;0.02316291342378
2020-08-01;Приморский край;-0.02265372168;0.03161998267
2020-08-01;Ставропольский край;-0.02055529989;0.118042734842857
2020-08-01;Хабаровский край;0.03161998267;0.0165490693948
2020-08-01;Амурская область;0.06905552919;0.0517225608035
2020-08-01;Архангельская область;-0.07475294868;0.0535303265296125
2020-08-01;Астраханская область;0.1024683676;-0.0933337459
2020-08-01;Белгородская область;-0.006428988895;-0.05174505615
2020-08-01;Брянская область;-0.06857451404;-0.0250606255995
2020-08-01;Владимирская область;0.03101887626;0.01935870703
2020-08-01;Волгоградская область;0.0140591204;0.005708041534
2020-08-01;Вологодская область;-0.005641748942;-0.0106435639350143
2020-08-01;Воронежская область;-0.01914580265;0.0162666553594286
2020-08-01;Ивановская область;-0.0547032388;0.036527733616
2020-08-01;Иркутская область;0.009382450204;0.0784992318
2020-08-01;Калужская область;0.0249466601;0.0199100474986667
2020-08-01;Кемеровская область;-0.04448318161;0.066479554582
2020-08-01;Кировская область;0.0005350454789;0.026946849932
2020-08-01;Костромская область;-0.01953225392;-0.00450544616462
2020-08-01;Курганская область;0.02741020794;0.0787070560975
2020-08-01;Курская область;-0.08434430965;-0.0076864731766
2020-08-01;Липецкая область;0.04838709677;-0.00977534599116667
2020-08-01;Магаданская область;-0.08759124088;0.012568459205
2020-08-01;Московская область;0.08398280032;0.02258974919575
2020-08-01;Мурманская область;0.09696092619;-0.07475294868
2020-08-01;Hижегородская область;0.03535096643;0.0368145723861125
2020-08-01;Новгородская область;-0.03555128513;0.0087296875485
2020-08-01;Новосибирская область;0.1161382501;0.0531142294225
2020-08-01;Омская область;0.1824753346;0.1117862095
2020-08-01;Оренбургская область;0.01216764308;0.0970653894833333
2020-08-01;Орловская область;0.007329842932;-0.013711509912
2020-08-01;Пензенская область;0.02013952876;0.0483808064822
2020-08-01;Псковская область;-0.01230425056;0.0010541086992
2020-08-01;Ростовская область;0.01923987432;-0.031602955832
2020-08-01;Рязанская область;0.03023126219;0.042158413858875
2020-08-01;Самарская область;0.08912023796;0.0701868065825
2020-08-01;Саратовская область;0.1267043806;0.0128854294387143
2020-08-01;Сахалинская область;0.0003938558488;-0.015334219905
2020-08-01;Свердловская область;0.0123461905;0.0691070057575
2020-08-01;Смоленская область;-0.04817469578;0.0047835980092
2020-08-01;Тамбовская область;-0.003750586029;0.041263293134
2020-08-01;Тверская область;-0.004132705774;-0.00262623918033333
2020-08-01;Томская область;0.1038961039;0.115440775241429
2020-08-01;Тульская область;0.01102751726;0.0389755324624
2020-08-01;Тюменская область;0.113555242;0.0472082016985714
2020-08-01;Тюменская область;0.113555242;0.0472082016985714
2020-08-01;Ульяновская область;-0.02239213545;0.089411111
2020-08-01;Челябинская область;0.07537154989;0.03288069161
2020-08-01;Ярославская область;0.00193174501;0.023551580492
2020-08-01;г.Москва;0.1338693343;0.05446473021
2020-08-01;г.Санкт-Петербург;0.07172047405;0.05699745547
2020-08-01;Еврейская автономная область;-0.003250270856;0.05033775593
2020-08-01;Ханты-Мансийский авт.округ-Югра;0.2211815562;0.045104039982
2020-08-01;Чукотский авт.округ;-0.04624277457;-0.00756487072
2020-08-01;Ямало-Hенецкий авт.округ;0.03019538188;0.0563777827875
2020-08-01;Ленинградская область;0.05699745547;0.0016982938542
2020-09-01;Республика Адыгея;0.2152444871;0.2990214387
2020-09-01;Республика Алтай;0.2248322148;0.137964852266667
2020-09-01;Республика Башкортостан;0.2599849284;0.222264871666667
2020-09-01;Республика Бурятия;0.06757390896;0.126799773095
2020-09-01;Республика Дагестан;0.4713584288;0.529155446666667
2020-09-01;Республика Ингушетия;0.233974359;0.324444528333333
2020-09-01;Кабардино-Балкарская Республика;0.134502924;0.1971124699
2020-09-01;Республика Калмыкия;0.5306122449;0.33359916178
2020-09-01;Карачаево-Черкесская Республика;0.115727003;0.260113761033333
2020-09-01;Республика Карелия;0.1078087004;0.191541933325
2020-09-01;Республика Коми;0.04227405248;0.1690424926
2020-09-01;Республика Марий Эл;0.1384524162;0.16258044
2020-09-01;Республика Мордовия;0.1973157523;0.22596114106
2020-09-01;Республика Саха (Якутия);0.3097776424;0.120210466398571
2020-09-01;Республика Северная Осетия- Алания;0.1287934863;0.356332844525
2020-09-01;Республика Татарстан(Татарстан);0.1520076482;0.2600880083
2020-09-01;Республика Тыва;0.1613175676;0.102575747654
2020-09-01;Удмуртская Республика;0.411569333;0.173695974475
2020-09-01;Республика Хакасия;0.04;0.164201163255
2020-09-01;Чеченская Республика;0.7100371747;0.295235798625
2020-09-01;Чувашская Республика(Чувашия);0.260320544;0.18493492532
2020-09-01;Алтайский край;0.1870871343;0.190978173333333
2020-09-01;Забайкальский край;0.1569743798;0.1645075477875
2020-09-01;Камчатский край;0.1087866109;0.09354669546
2020-09-01;Краснодарский край;0.2990214387;0.23910562765
2020-09-01;Красноярский край;0.08384744812;0.124395127215
2020-09-01;Пермский край;0.1559665038;0.188928467216
2020-09-01;Приморский край;0.1093526649;0.1469770165
2020-09-01;Ставропольский край;0.3468169204;0.3335858500625
2020-09-01;Хабаровский край;0.1469770165;0.13842273144
2020-09-01;Амурская область;0.1840534734;0.16195164863
2020-09-01;Архангельская область;0.2077730403;0.1417814113375
2020-09-01;Астраханская область;0.2742635305;0.413767537
2020-09-01;Белгородская область;0.1960784314;0.10433799153
2020-09-01;Брянская область;0.1023451071;0.1183635407975
2020-09-01;Владимирская область;0.06278280543;0.13551238314
2020-09-01;Волгоградская область;0.2969228291;0.28191688994
2020-09-01;Вологодская область;0.0634991119;0.122247092331143
2020-09-01;Воронежская область;0.1825083275;0.202435705708571
2020-09-01;Ивановская область;0.1178272083;0.115735272726
2020-09-01;Иркутская область;0.09662516639;0.12041091396
2020-09-01;Калужская область;0.1043608522;0.14447520911
2020-09-01;Кемеровская область;0.1868074225;0.160342401744
2020-09-01;Кировская область;0.1268248175;0.157154748175556
2020-09-01;Костромская область;0.1316818774;0.10622968008
2020-09-01;Курганская область;0.01747572816;0.1704389163
2020-09-01;Курская область;0.02616765556;0.22171678698
2020-09-01;Липецкая область;0.3559057575;0.141893536798333
2020-09-01;Магаданская область;0.05485232068;0.170921182425
2020-09-01;Московская область;0.172969756;0.10870495053625
2020-09-01;Мурманская область;0.3260375213;0.2077730403
2020-09-01;Hижегородская область;0.1111687503;0.14987163872875
2020-09-01;Новгородская область;0.001653673518;0.110235821075
2020-09-01;Новосибирская область;0.1612948827;0.176177596975
2020-09-01;Омская область;0.1861655023;0.170185818225
2020-09-01;Оренбургская область;0.3070881412;0.199089490766667
2020-09-01;Орловская область;0.2717463114;0.135235138078
2020-09-01;Пензенская область;0.2688186627;0.19003093338
2020-09-01;Псковская область;0.1014764472;0.1147265915096
2020-09-01;Ростовская область;0.2786341001;0.33117635212
2020-09-01;Рязанская область;0.1637676887;0.1720165902325
2020-09-01;Самарская область;0.2507338265;0.232098023925
2020-09-01;Саратовская область;0.1435662467;0.250225252314286
2020-09-01;Сахалинская область;0.1076443058;0.1278818137
2020-09-01;Свердловская область;0.1039892047;0.164935713555
2020-09-01;Смоленская область;0.07117934403;0.11765236558
2020-09-01;Тамбовская область;0.1197749196;0.22291333662
2020-09-01;Тверская область;0.1071096654;0.0871011408413333
2020-09-01;Томская область;0.1446503288;0.179847336017143
2020-09-01;Тульская область;0.08739631803;0.21375007316
2020-09-01;Тюменская область;0.1873990307;0.112310757837143
2020-09-01;Тюменская область;0.1873990307;0.112310757837143
2020-09-01;Ульяновская область;0.3257300596;0.2121271134
2020-09-01;Челябинская область;0.2029683991;0.172134500615
2020-09-01;Ярославская область;0.1118285124;0.116726406075714
2020-09-01;г.Москва;0.1612144181;0.1386653041
2020-09-01;г.Санкт-Петербург;0.1830927835;0.1688580598
2020-09-01;Еврейская автономная область;0.03407755582;0.16551524495
2020-09-01;Ханты-Мансийский авт.округ-Югра;0.2660180351;0.09834626242
2020-09-01;Чукотский авт.округ;0.1181434599;0.15780552466
2020-09-01;Ямало-Hенецкий авт.округ;0.116970278;0.149978144
2020-09-01;Ленинградская область;0.1688580598;0.0915061433036
2020-10-01;Республика Адыгея;0.1901653612;0.2573585428
2020-10-01;Республика Алтай;0.2355415352;0.44953394207
2020-10-01;Республика Башкортостан;0.4309724458;0.474642276433333
2020-10-01;Республика Бурятия;0.09613259669;0.149843468584
2020-10-01;Республика Дагестан;0.4448511063;0.383310399633333
2020-10-01;Республика Ингушетия;-0.03530895334;0.294840928033333
2020-10-01;Кабардино-Балкарская Республика;0.3561597852;0.218081864883333
2020-10-01;Республика Калмыкия;0.3439434129;0.45347839858
2020-10-01;Карачаево-Черкесская Республика;0.05807935595;0.350137946966667
2020-10-01;Республика Карелия;0.08396152846;0.13933815451
2020-10-01;Республика Коми;0.2485468496;0.3182807029625
2020-10-01;Республика Марий Эл;0.2655657823;0.318310355425
2020-10-01;Республика Мордовия;0.3569708908;0.33588256212
2020-10-01;Республика Саха (Якутия);0.3501849568;0.251734448409714
2020-10-01;Республика Северная Осетия- Алания;0.1592707258;0.281709654465
2020-10-01;Республика Татарстан(Татарстан);0.4490735782;0.4406588404
2020-10-01;Республика Тыва;0.1610032362;0.17848693142
2020-10-01;Удмуртская Республика;0.6342005491;0.408818951625
2020-10-01;Республика Хакасия;0.08330353951;0.2904673893
2020-10-01;Чеченская Республика;0.3690922731;0.251427097915
2020-10-01;Чувашская Республика(Чувашия);0.2509192528;0.34060847406
2020-10-01;Алтайский край;0.6800724638;0.409362333333333
2020-10-01;Забайкальский край;0.002328914368;0.2519120153225
2020-10-01;Камчатский край;0.1197411003;0.3418378004
2020-10-01;Краснодарский край;0.2573585428;0.2952574896375
2020-10-01;Красноярский край;0.1800989629;0.298259023985
2020-10-01;Пермский край;0.4293899562;0.36602249986
2020-10-01;Приморский край;0.09750462107;0.17558353
2020-10-01;Ставропольский край;0.4368955129;0.31058061631875
2020-10-01;Хабаровский край;0.17558353;0.303020797014
2020-10-01;Амурская область;0.263972485;0.224578641917
2020-10-01;Архангельская область;0.1280293367;0.2668570485925
2020-10-01;Астраханская область;0.38170347;0.42599779405
2020-10-01;Белгородская область;0.5431738623;0.2911185522
2020-10-01;Брянская область;0.1452405587;0.156016948445
2020-10-01;Владимирская область;0.1624529317;0.24034602332
2020-10-01;Волгоградская область;0.5080521752;0.4121753365
2020-10-01;Вологодская область;0.05699702254;0.154032319674286
2020-10-01;Воронежская область;0.3963963964;0.418535820371429
2020-10-01;Ивановская область;0.2082613702;0.2236077379
2020-10-01;Иркутская область;0.2973580228;0.091213938634
2020-10-01;Калужская область;0.2720125786;0.16396591738
2020-10-01;Кемеровская область;0.5852258229;0.37299162378
2020-10-01;Кировская область;0.3258398263;0.302666201337778
2020-10-01;Костромская область;0.264783973;0.195351498968
2020-10-01;Курганская область;0.3630596339;0.39190952375
2020-10-01;Курская область;0.185840708;0.331046523396
2020-10-01;Липецкая область;0.5125816766;0.225061218846667
2020-10-01;Магаданская область;0.4332247557;0.2637710138
2020-10-01;Московская область;0.2529931158;0.18325717222125
2020-10-01;Мурманская область;0.2072295806;0.1280293367
2020-10-01;Hижегородская область;0.2474087644;0.2737012977375
2020-10-01;Новгородская область;0.04542261765;0.0667152204275
2020-10-01;Новосибирская область;0.4073196419;0.538234116
2020-10-01;Омская область;0.5257126622;0.3961628241
2020-10-01;Оренбургская область;0.5829576195;0.5518048982
2020-10-01;Орловская область;0.05784012298;0.2459760671
2020-10-01;Пензенская область;0.442245084;0.35600463844
2020-10-01;Псковская область;0.0339638865;0.113047701944
2020-10-01;Ростовская область;0.4958897285;0.38852920804
2020-10-01;Рязанская область;0.3548163548;0.291265774275
2020-10-01;Самарская область;0.6507918928;0.46474955675
2020-10-01;Саратовская область;0.4429436747;0.457962205685714
2020-10-01;Сахалинская область;0.1827141774;0.14766231515
2020-10-01;Свердловская область;0.1905528285;0.40066796015
2020-10-01;Смоленская область;0.1083743842;0.143002686814
2020-10-01;Тамбовская область;0.2412689173;0.4297966373
2020-10-01;Тверская область;0.01080329447;0.106000256348333
2020-10-01;Томская область;0.3619255151;0.410007536928571
2020-10-01;Тульская область;0.1142048136;0.290048769756
2020-10-01;Тюменская область;0.4077030697;0.285417969842857
2020-10-01;Тюменская область;0.4077030697;0.285417969842857
2020-10-01;Ульяновская область;0.3840233546;0.43215739555
2020-10-01;Челябинская область;0.5616791271;0.391885631925
2020-10-01;Ярославская область;0.1382505114;0.180204888101429
2020-10-01;г.Москва;0.305142509;0.2625028472
2020-10-01;г.Санкт-Петербург;0.2994607882;0.1650966782
2020-10-01;Еврейская автономная область;0.3702171665;0.2197780075
2020-10-01;Ханты-Мансийский авт.округ-Югра;0.3562895292;0.2563724327
2020-10-01;Чукотский авт.округ;0.4095744681;0.301050270933333
2020-10-01;Ямало-Hенецкий авт.округ;0.3007380074;0.2282411696
2020-10-01;Ленинградская область;0.1650966782;0.10396116867
2020-11-01;Республика Адыгея;0.07877461707;0.2946615492
2020-11-01;Республика Алтай;0.520979021;0.674259859033333
2020-11-01;Республика Башкортостан;0.5977742448;0.635267586866667
2020-11-01;Республика Бурятия;0.5711601691;0.57257610225
2020-11-01;Республика Дагестан;-0.01294744859;0.355199193533333
2020-11-01;Республика Ингушетия;0.1327561328;0.3488618527
2020-11-01;Кабардино-Балкарская Республика;0.4368556701;0.3012969228
2020-11-01;Республика Калмыкия;0.3649706458;0.332447015502
2020-11-01;Карачаево-Черкесская Республика;0.2776877364;0.3633557529
2020-11-01;Республика Карелия;0.397616468;0.351183470975
2020-11-01;Республика Коми;0.5440806045;0.6647439039875
2020-11-01;Республика Марий Эл;0.4545980335;0.564456934025
2020-11-01;Республика Мордовия;0.2537382103;0.47511741834
2020-11-01;Республика Саха (Якутия);0.6508662962;0.464103313785714
2020-11-01;Республика Северная Осетия- Алания;0.2676529926;0.317559684425
2020-11-01;Республика Татарстан(Татарстан);0.7153584419;0.5711157282875
2020-11-01;Республика Тыва;0.08752166378;0.60934998958
2020-11-01;Удмуртская Республика;0.4037342714;0.639811903775
2020-11-01;Республика Хакасия;0.6476855253;0.46799135387
2020-11-01;Чеченская Республика;0.3420768954;0.1865029290525
2020-11-01;Чувашская Республика(Чувашия);0.4231514369;0.4839830987
2020-11-01;Алтайский край;0.7779357832;0.645289962933333
2020-11-01;Забайкальский край;0.5045334341;0.631658554725
2020-11-01;Камчатский край;0.1975397974;0.155034977933333
2020-11-01;Краснодарский край;0.2946615492;0.2672282831925
2020-11-01;Красноярский край;0.6663064621;0.61489542388
2020-11-01;Пермский край;0.6141421393;0.54655914486
2020-11-01;Приморский край;0.4033830275;0.6009541181
2020-11-01;Ставропольский край;0.3585500394;0.29060734760125
2020-11-01;Хабаровский край;0.6009541181;0.4803529619
2020-11-01;Амурская область;0.6639889832;0.5418897306
2020-11-01;Архангельская область;0.2968227425;0.6262024032
2020-11-01;Астраханская область;0.4379639449;0.44486922385
2020-11-01;Белгородская область;0.5998353716;0.43858517775
2020-11-01;Брянская область;0.3160697643;0.367187417375
2020-11-01;Владимирская область;0.4542952173;0.47134107778
2020-11-01;Волгоградская область;0.5247678019;0.44211199228
2020-11-01;Вологодская область;0.352739726;0.365665823128571
2020-11-01;Воронежская область;0.4964502293;0.492836944971429
2020-11-01;Ивановская область;0.3912375096;0.4751333235
2020-11-01;Иркутская область;0.6406187704;0.5854199481
2020-11-01;Калужская область;0.552991453;0.346403663033333
2020-11-01;Кемеровская область;0.5971582686;0.71788645416
2020-11-01;Кировская область;0.6319727891;0.479245361888889
2020-11-01;Костромская область;0.4443872297;0.47812694708
2020-11-01;Курганская область;0.5676249276;0.6877476303
2020-11-01;Курская область;0.3807201262;0.45397049984
2020-11-01;Липецкая область;0.5756364713;0.401701292533333
2020-11-01;Магаданская область;0.2723214286;0.337340052925
2020-11-01;Московская область;0.4611723989;0.399973981725
2020-11-01;Мурманская область;0.4509394572;0.2968227425
2020-11-01;Hижегородская область;0.4873450682;0.4428738995125
2020-11-01;Новгородская область;0.1986707809;0.2509886991
2020-11-01;Новосибирская область;0.8177325992;0.72816685145
2020-11-01;Омская область;0.7310949487;0.769470320325
2020-11-01;Оренбургская область;0.7810504242;0.6890432394
2020-11-01;Орловская область;0.2818606627;0.42585201594
2020-11-01;Пензенская область;0.4666040773;0.4534445647
2020-11-01;Псковская область;0.1907474932;0.28665896134
2020-11-01;Ростовская область;0.3539007399;0.40788005312
2020-11-01;Рязанская область;0.4896107697;0.432544676325
2020-11-01;Самарская область;0.7677688868;0.6406397518
2020-11-01;Саратовская область;0.5572744015;0.571891551642857
2020-11-01;Сахалинская область;0.2927835052;0.39924695775
2020-11-01;Свердловская область;0.5552338145;0.6719472728375
2020-11-01;Смоленская область;0.2531774276;0.33544334568
2020-11-01;Тамбовская область;0.4577237024;0.51711518982
2020-11-01;Тверская область;0.156235619;0.33064124485
2020-11-01;Томская область;0.8064784053;0.731737445028571
2020-11-01;Тульская область;0.3038422649;0.47225435112
2020-11-01;Тюменская область;0.7268351384;0.595377415028572
2020-11-01;Тюменская область;0.7268351384;0.595377415028572
2020-11-01;Ульяновская область;0.5088757396;0.53064924245
2020-11-01;Челябинская область;0.7420864299;0.625420852775
2020-11-01;Ярославская область;0.5273396425;0.388909594328571
2020-11-01;г.Москва;0.4622994598;0.50708192595
2020-11-01;г.Санкт-Петербург;0.4232724848;0.3042319582
2020-11-01;Еврейская автономная область;0.411205074;0.63247155065
2020-11-01;Ханты-Мансийский авт.округ-Югра;0.8561995598;0.69640183926
2020-11-01;Чукотский авт.округ;-0.1;0.373575840733333
2020-11-01;Ямало-Hенецкий авт.округ;0.9099099099;0.590852342225
2020-11-01;Ленинградская область;0.3042319582;0.31260939058
2020-12-01;Республика Адыгея;0.6014669927;0.7547501993
2020-12-01;Республика Алтай;0.3370786517;0.483609663366667
2020-12-01;Республика Башкортостан;0.4741812714;0.560001023233333
2020-12-01;Республика Бурятия;0.630261661;0.4204236025
2020-12-01;Республика Дагестан;0.7833681696;0.685551336733333
2020-12-01;Республика Ингушетия;0.3769889841;0.8329909548
2020-12-01;Кабардино-Балкарская Республика;0.7494089835;0.616715572066667
2020-12-01;Республика Калмыкия;0.453437772;0.57622752468
2020-12-01;Карачаево-Черкесская Республика;0.6191230851;0.682165725666667
2020-12-01;Республика Карелия;0.7929361014;0.626624585725
2020-12-01;Республика Коми;0.4690427233;0.5737349316625
2020-12-01;Республика Марий Эл;0.5957446809;0.622307828525
2020-12-01;Республика Мордовия;0.9524977698;0.57992976838
2020-12-01;Республика Саха (Якутия);0.5290806754;0.585447445142857
2020-12-01;Республика Северная Осетия- Алания;0.6886856369;0.68240355145
2020-12-01;Республика Татарстан(Татарстан);0.6026311444;0.5775500972375
2020-12-01;Республика Тыва;0.2144702842;0.52964231968
2020-12-01;Удмуртская Республика;0.4566129687;0.536052831225
2020-12-01;Республика Хакасия;0.5491452991;0.39350285995
2020-12-01;Чеченская Республика;1.060878244;0.5978451962
2020-12-01;Чувашская Республика(Чувашия);0.6535060013;0.66840959262
2020-12-01;Алтайский край;0.588539685;0.3821155629
2020-12-01;Забайкальский край;0.4184397163;0.59702234555
2020-12-01;Камчатский край;0.6576454668;0.485534187166667
2020-12-01;Краснодарский край;0.7547501993;0.56762995135
2020-12-01;Красноярский край;0.7093184979;0.4481585364
2020-12-01;Пермский край;0.4338260809;0.53861525562
2020-12-01;Приморский край;0.9419391206;0.9078673512
2020-12-01;Ставропольский край;0.5423379942;0.702155477975
2020-12-01;Хабаровский край;0.9078673512;0.6218063418
2020-12-01;Амурская область;0.8063395571;0.5889728169
2020-12-01;Архангельская область;0.6737844941;0.5650390875125
2020-12-01;Астраханская область;0.5;0.5006387491
2020-12-01;Белгородская область;0.4857009998;0.5539871897
2020-12-01;Брянская область;0.4873542131;0.665435146375
2020-12-01;Владимирская область;0.507034632;0.5764919862
2020-12-01;Волгоградская область;0.5478397262;0.4953070509
2020-12-01;Вологодская область;0.5587219344;0.5666209409
2020-12-01;Воронежская область;0.4893984391;0.5579329263
2020-12-01;Ивановская область;0.4514957886;0.53227987268
2020-12-01;Иркутская область;0.4224074887;0.5638791071
2020-12-01;Калужская область;0.6123101519;0.611019222616667
2020-12-01;Кемеровская область;0.313144006;0.54857267092
2020-12-01;Кировская область;0.6335728282;0.529901248511111
2020-12-01;Костромская область;0.3792258697;0.5741907924
2020-12-01;Курганская область;0.4197413465;0.542037365475
2020-12-01;Курская область;0.6185759403;0.58554874818
2020-12-01;Липецкая область;0.603827073;0.628883958583333
2020-12-01;Магаданская область;0.3311688312;0.64929604175
2020-12-01;Московская область;0.6078766276;0.564578259075
2020-12-01;Мурманская область;0.6074978699;0.6737844941
2020-12-01;Hижегородская область;0.5995213402;0.5961252093125
2020-12-01;Новгородская область;0.5213336442;0.5866552425
2020-12-01;Новосибирская область;0.496124031;0.49642508005
2020-12-01;Омская область;0.4722141402;0.51802592875
2020-12-01;Оренбургская область;0.6629636785;0.540859803833333
2020-12-01;Орловская область;0.8614630159;0.58282438582
2020-12-01;Пензенская область;0.4590443686;0.6564139826
2020-12-01;Псковская область;0.6571113561;0.51171829056
2020-12-01;Ростовская область;0.5075917334;0.55755282616
2020-12-01;Рязанская область;0.595924104;0.617218007925
2020-12-01;Самарская область;0.5521663211;0.595838790175
2020-12-01;Саратовская область;0.52610731;0.5598504661
2020-12-01;Сахалинская область;0.6228430567;0.782756409
2020-12-01;Свердловская область;0.6596664865;0.4940181393375
2020-12-01;Смоленская область;0.5693914774;0.56578919674
2020-12-01;Тамбовская область;0.6158877014;0.53486025894
2020-12-01;Тверская область;0.464293635;0.59034618505
2020-12-01;Томская область;0.611802489;0.514549798185714
2020-12-01;Тульская область;0.5920545508;0.65628019448
2020-12-01;Тюменская область;0.4820885975;0.5736528825
2020-12-01;Тюменская область;0.4820885975;0.5736528825
2020-12-01;Ульяновская область;0.5916530278;0.624325485866667
2020-12-01;Челябинская область;0.5443057804;0.554138195725
2020-12-01;Ярославская область;0.6276420706;0.502374848314286
2020-12-01;г.Москва;0.5479754509;0.61009338975
2020-12-01;г.Санкт-Петербург;0.6312657629;0.6664940445
2020-12-01;Еврейская автономная область;0.5005035247;0.85710345415
2020-12-01;Ханты-Мансийский авт.округ-Югра;0.6468707172;0.60556236962
2020-12-01;Чукотский авт.округ;0.5025906736;0.505964991133333
2020-12-01;Ямало-Hенецкий авт.округ;0.5779816514;0.624754108125
2020-12-01;Ленинградская область;0.6664940445;0.6322737598
